,fixed acidity,volatile acidity,citric acid,residual sugar,chlorides,free sulfur dioxide,density,pH,sulphates,alcohol,quality,sum_ligne,bound_SO2
462,15.9,0.36,0.65,7.5,0.096,22.0,0.9976,2.98,0.84,14.9,5,115.2236,49.0
329,8.8,0.46,0.45,2.6,0.065,7.0,0.9947,3.32,0.79,14.0,6,49.4797,11.0
96,5.2,0.34,1e-12,1.8,0.05,27.0,0.9916,3.68,0.79,14.0,6,89.851600000001,36.0
898,5.0,0.38,0.01,1.6,0.048,26.0,0.99084,3.7,0.75,14.0,6,86.47883999999999,34.0
419,5.0,0.42,0.24,2.0,0.06,19.0,0.9917,3.72,0.74,14.0,8,77.1717,31.0
589,4.9,0.42,1e-12,2.1,0.048,16.0,0.99154,3.71,0.74,14.0,7,68.909540000001,26.0
1054,5.3,0.47,0.11,2.2,0.048,16.0,0.99182,3.54,0.88,13.6,7,116.13982,73.0
799,7.4,0.36,0.34,1.8,0.075,18.0,0.9933,3.38,0.88,13.6,7,66.82830000000001,20.0
868,5.1,0.42,1e-12,1.8,0.044,18.0,0.99157,3.68,0.73,13.6,7,114.365570000001,70.0
787,5.0,0.4,0.5,4.3,0.046,29.0,0.9902,3.49,0.66,13.6,6,108.9862,51.0
1052,5.3,0.47,0.11,2.2,0.048,16.0,0.99182,3.54,0.88,13.566666666666698,7,116.1064866666667,73.0
346,8.9,0.4,0.51,2.6,0.052,13.0,0.995,3.32,0.9,13.4,7,58.077,14.0
321,11.3,0.62,0.67,5.2,0.086,6.0,0.9988,3.22,0.69,13.4,8,55.184799999999996,13.0
267,11.4,0.625,0.66,6.2,0.088,6.0,0.9988,3.11,0.99,13.3,6,61.3718,18.0
345,9.2,0.41,0.5,2.5,0.055,12.0,0.9952,3.34,0.79,13.3,7,56.090199999999996,13.0
791,7.1,0.39,0.12,2.1,0.065,14.0,0.99252,3.3,0.53,13.3,6,51.89752,10.0
643,9.3,0.38,0.48,3.8,0.132,3.0,0.99577,3.23,0.57,13.2,6,43.08777,8.0
793,7.9,0.54,0.34,2.5,0.076,8.0,0.99235,3.2,0.72,13.1,8,46.36835,9.0
32,4.6,0.52,0.15,2.1,0.054,8.0,0.9934,3.9,0.56,13.1,4,90.97739999999999,57.0
248,13.5,0.53,0.79,4.8,0.12,23.0,1.0018,3.18,0.77,13.0,5,114.6918,54.0
91,5.6,0.5,0.09,2.3,0.049,17.0,0.9937,3.63,0.63,13.0,5,125.7927,82.0
274,12.0,0.37,0.76,4.2,0.066,7.0,1.0004,3.22,0.6,13.0,7,73.2164,31.0
577,5.1,0.585,1e-12,1.7,0.044,14.0,0.99264,3.56,0.94,12.9,7,111.821640000001,72.0
821,5.1,0.51,0.18,2.1,0.042,16.0,0.9924,3.46,0.87,12.9,7,127.15440000000001,85.0
271,5.6,0.85,0.05,1.4,0.045,12.0,0.9924,3.56,0.82,12.9,8,114.2174,76.0
690,7.3,0.52,0.32,2.1,0.07,51.0,0.99418,3.34,0.82,12.9,6,98.36418,19.0
792,5.6,0.66,1e-12,2.5,0.066,7.0,0.99256,3.52,0.58,12.9,5,41.818560000001,8.0
739,5.6,0.605,0.05,2.4,0.073,19.0,0.99258,3.56,0.55,12.9,5,51.730579999999996,6.0
701,6.4,0.69,1e-12,1.65,0.055,7.0,0.99162,3.47,0.53,12.9,6,38.686620000001,5.0
190,7.9,0.35,0.46,3.6,0.078,15.0,0.9973,3.35,0.86,12.8,8,67.3953,22.0
377,10.3,0.27,0.24,2.1,0.072,15.0,0.9956,3.22,0.66,12.8,6,63.6576,18.0
493,5.1,0.47,0.02,1.3,0.034,18.0,0.9921,3.9,0.62,12.8,6,69.2361,26.0
250,6.7,0.75,0.01,2.4,0.078,17.0,0.9955,3.55,0.61,12.8,6,59.8935,15.0
780,6.3,0.57,0.28,2.1,0.048,13.0,0.99374,3.41,0.6,12.8,5,76.10174,36.0
930,6.5,0.51,0.15,3.0,0.064,12.0,0.9929,3.33,0.59,12.8,6,54.9369,15.0
704,6.8,0.36,0.32,1.8,0.067,4.0,0.9928,3.36,0.55,12.8,7,35.049800000000005,4.0
873,7.1,0.75,0.01,2.2,0.059,11.0,0.99242,3.39,0.4,12.8,6,45.70142,7.0
740,8.3,0.33,0.42,2.3,0.07,9.0,0.99426,3.38,0.77,12.7,7,49.26426,11.0
400,13.0,0.47,0.49,4.3,0.085,6.0,1.0021,3.3,0.68,12.7,6,83.0271,41.0
431,6.3,0.36,0.19,3.2,0.075,15.0,0.9956,3.56,0.52,12.7,6,66.9006,24.0
519,6.4,0.865,0.03,3.2,0.071,27.0,0.995,3.61,0.49,12.7,6,86.361,31.0
714,8.0,0.18,0.37,0.9,0.049,36.0,0.99007,2.89,0.44,12.7,6,135.51907,73.0
197,10.3,0.32,0.45,6.4,0.073,5.0,0.9976,3.23,0.82,12.6,8,48.190599999999996,8.0
729,8.7,0.41,0.41,6.2,0.078,25.0,0.9953,3.24,0.77,12.6,7,75.4033,17.0
713,8.9,0.38,0.4,2.2,0.068,12.0,0.99486,3.27,0.75,12.6,7,57.56286,16.0
948,6.6,0.58,0.02,2.4,0.069,19.0,0.99387,3.38,0.66,12.6,6,67.30287,21.0
722,7.9,0.31,0.32,1.9,0.066,14.0,0.99364,3.41,0.56,12.6,6,64.05964,22.0
1048,6.7,0.7,0.08,3.75,0.067,8.0,0.99334,3.43,0.52,12.6,5,44.84034,8.0
312,5.3,0.57,0.01,1.7,0.054,5.0,0.9934,3.57,0.84,12.5,7,52.5374,22.0
358,10.2,0.49,0.63,2.9,0.072,10.0,0.9968,3.16,0.78,12.5,7,57.72880000000001,16.0
633,8.3,0.31,0.39,2.4,0.078,17.0,0.99444,3.31,0.77,12.5,7,72.05244,26.0
752,6.6,0.52,0.08,2.4,0.07,13.0,0.99358,3.4,0.72,12.5,7,53.28358,13.0
580,8.4,0.25,0.39,2.0,0.0409999999999999,4.0,0.99386,3.27,0.71,12.5,7,38.554860000000005,6.0
238,8.9,0.43,0.45,1.9,0.052,6.0,0.9948,3.35,0.7,12.5,6,45.2768,10.0
747,9.1,0.4,0.5,1.8,0.071,7.0,0.99462,3.21,0.69,12.5,8,45.265620000000006,9.0
1125,6.0,0.58,0.2,2.4,0.075,15.0,0.99467,3.58,0.67,12.5,6,76.99967000000001,35.0
816,6.1,0.58,0.23,2.5,0.044,16.0,0.99352,3.46,0.65,12.5,6,97.05752,54.0
923,5.2,0.645,1e-12,2.15,0.08,15.0,0.99444,3.78,0.61,12.5,6,53.959440000001,13.0
933,5.4,0.74,1e-12,1.2,0.0409999999999999,16.0,0.99258,4.01,0.59,12.5,6,71.47358000000101,30.0
935,5.0,0.74,1e-12,1.2,0.0409999999999999,16.0,0.99258,4.01,0.59,12.5,6,71.073580000001,30.0
986,6.0,0.49,1e-12,2.3,0.068,15.0,0.99292,3.58,0.59,12.5,6,59.520920000001,18.0
728,7.6,0.31,0.34,2.5,0.0819999999999999,26.0,0.99356,3.22,0.59,12.5,7,63.135560000000005,9.0
840,9.1,0.4,0.57,4.6,0.08,6.0,0.99652,3.28,0.57,12.5,6,52.09652,14.0
571,10.1,0.27,0.54,2.3,0.065,7.0,0.99531,3.17,0.53,12.5,6,56.47031,19.0
664,9.9,0.27,0.49,5.0,0.0819999999999999,9.0,0.99484,3.19,0.52,12.5,7,49.94684,8.0
1000,8.1,0.29,0.36,2.2,0.048,35.0,0.995,3.27,1.01,12.4,7,81.673,18.0
1122,6.4,0.36,0.53,2.2,0.23,19.0,0.9934,3.37,0.93,12.4,6,62.4134,16.0
824,8.2,0.33,0.39,2.5,0.074,29.0,0.99528,3.32,0.88,12.4,7,77.08928,19.0
148,9.7,0.53,0.6,2.0,0.039,5.0,0.99585,3.3,0.86,12.4,6,49.42485,14.0
842,7.2,0.25,0.37,2.5,0.063,11.0,0.99439,3.52,0.8,12.4,7,69.09739,30.0
776,8.4,0.34,0.42,2.1,0.072,23.0,0.99392,3.11,0.78,12.4,6,64.61592,13.0
918,5.9,0.395,0.13,2.4,0.0559999999999999,14.0,0.99362,3.62,0.67,12.4,6,54.564620000000005,14.0
779,8.0,0.48,0.34,2.2,0.073,16.0,0.9936,3.28,0.66,12.4,6,53.4266,9.0
668,8.3,0.28,0.48,2.1,0.093,6.0,0.99408,3.26,0.62,12.4,7,40.527080000000005,6.0
1064,7.1,0.22,0.49,1.8,0.039,8.0,0.99344,3.39,0.56,12.4,6,44.99244,10.0
828,9.7,0.42,0.46,2.1,0.074,5.0,0.99649,3.27,0.74,12.3,6,46.06049,11.0
785,5.4,0.42,0.27,2.0,0.092,23.0,0.99471,3.78,0.64,12.3,7,80.89671,32.0
294,6.6,0.84,0.03,2.3,0.059,32.0,0.9952,3.52,0.56,12.3,7,75.2042,16.0
719,8.2,0.32,0.42,2.3,0.098,3.0,0.99506,3.27,0.55,12.3,6,37.45306,6.0
708,8.9,0.28,0.45,1.7,0.067,7.0,0.99354,3.25,0.55,12.3,7,40.490539999999996,5.0
761,7.9,0.3,0.68,8.3,0.05,37.5,0.99316,3.01,0.51,12.3,7,323.04316,251.5
760,7.9,0.3,0.68,8.3,0.05,37.5,0.99316,3.01,0.51,12.3,7,312.04316,240.5
794,6.3,0.47,1e-12,1.4,0.055,27.0,0.9922,3.45,0.48,12.3,6,58.447200000001004,6.0
237,11.9,0.695,0.53,3.4,0.128,7.0,0.9992,3.17,0.84,12.2,7,54.862199999999994,14.0
162,5.2,0.48,0.04,1.6,0.054,19.0,0.9927,3.54,0.62,12.2,7,130.7267,87.0
645,10.0,0.46,0.44,2.9,0.065,4.0,0.99674,3.33,0.62,12.2,6,39.01174,4.0
732,6.4,0.39,0.33,3.3,0.046,12.0,0.99294,3.36,0.62,12.2,6,80.63894,41.0
682,9.0,0.4,0.43,2.4,0.068,29.0,0.9943,3.2,0.6,12.2,6,75.29230000000001,17.0
921,5.7,0.6,1e-12,1.4,0.063,11.0,0.99191,3.45,0.56,12.2,6,42.964910000001,7.0
1009,7.3,0.34,0.33,2.5,0.064,21.0,0.9952,3.35,0.77,12.1,7,64.7492,16.0
673,10.2,0.34,0.48,2.1,0.052,5.0,0.99458,3.2,0.69,12.1,7,39.15658,4.0
666,8.3,0.3,0.49,3.8,0.09,11.0,0.99498,3.27,0.64,12.1,7,53.98498,13.0
684,8.8,0.33,0.41,5.9,0.073,7.0,0.99658,3.3,0.62,12.1,7,45.52958,6.0
920,7.2,0.53,0.14,2.1,0.064,15.0,0.99323,3.35,0.61,12.1,6,56.08723,14.0
742,8.9,0.48,0.53,4.0,0.1009999999999999,3.0,0.99586,3.21,0.59,12.1,7,40.90686,7.0
348,6.5,0.39,0.23,8.3,0.051,28.0,0.9952,3.44,0.55,12.1,6,123.55619999999999,63.0
262,9.4,0.27,0.53,2.4,0.074,6.0,0.9962,3.2,1.13,12.0,7,48.0002,12.0
667,10.2,0.44,0.58,4.1,0.092,11.0,0.99745,3.29,0.99,12.0,7,56.689449999999994,13.0
244,13.8,0.49,0.67,3.0,0.093,6.0,0.9986,3.02,0.93,12.0,6,50.001599999999996,9.0
772,9.2,0.31,0.36,2.2,0.079,11.0,0.99615,3.33,0.86,12.0,7,60.33515,20.0
355,10.4,0.44,0.73,6.55,0.074,38.0,0.999,3.17,0.85,12.0,7,111.21300000000001,38.0
622,8.4,0.31,0.29,3.1,0.1939999999999999,14.0,0.99536,3.22,0.78,12.0,6,55.28936,12.0
763,8.7,0.42,0.45,2.4,0.072,32.0,0.99617,3.33,0.77,12.0,6,88.13817,27.0
658,8.7,0.33,0.38,3.3,0.063,10.0,0.99468,3.3,0.73,12.0,7,48.79768,9.0
707,8.9,0.35,0.4,3.6,0.11,12.0,0.99549,3.23,0.7,12.0,7,54.285489999999996,12.0
382,12.9,0.35,0.49,5.8,0.066,5.0,1.0014,3.2,0.66,12.0,7,71.4674,30.0
1098,6.2,0.64,0.09,2.5,0.081,15.0,0.99538,3.57,0.63,12.0,5,52.706379999999996,11.0
777,7.4,0.49,0.27,2.1,0.071,14.0,0.99388,3.35,0.63,12.0,6,52.30488,11.0
904,8.5,0.4,0.4,6.3,0.05,3.0,0.99566,3.28,0.56,12.0,4,42.48566,7.0
825,6.5,0.34,0.27,2.8,0.067,8.0,0.99384,3.21,0.56,12.0,6,70.74083999999999,36.0
463,9.4,0.33,0.59,2.8,0.079,9.0,0.9976,3.12,0.54,12.0,6,59.8566,21.0
815,10.0,0.35,0.47,2.0,0.061,6.0,0.99585,3.23,0.52,12.0,6,40.626850000000005,5.0
1065,6.2,0.65,0.06,1.6,0.05,6.0,0.99348,3.57,0.54,11.95,5,43.613479999999996,12.0
995,7.6,0.3,0.42,2.0,0.052,6.0,0.9963,3.44,0.82,11.9,6,51.5283,18.0
1038,7.9,0.2,0.35,1.7,0.054,7.0,0.99458,3.32,0.8,11.9,7,42.21858,8.0
669,8.9,0.12,0.45,1.8,0.075,10.0,0.99552,3.41,0.76,11.9,7,49.41052,11.0
367,12.5,0.6,0.49,4.3,0.1,5.0,1.001,3.25,0.74,11.9,6,48.881,9.0
646,8.6,0.315,0.4,2.2,0.079,3.0,0.99512,3.27,0.67,11.9,6,34.429120000000005,3.0
1128,6.2,0.7,0.15,5.1,0.076,13.0,0.99622,3.54,0.6,11.9,6,56.26222,14.0
1130,7.4,0.35,0.33,2.4,0.068,9.0,0.9947,3.36,0.6,11.9,6,53.4027,17.0
802,8.0,0.25,0.43,1.7,0.067,22.0,0.9946,3.38,0.6,11.9,6,77.3216,28.0
249,6.1,0.21,0.4,1.4,0.066,40.5,0.9912,3.25,0.59,11.9,6,189.9072,124.5
716,11.3,0.36,0.66,2.4,0.123,3.0,0.99642,3.2,0.53,11.9,6,39.46942,5.0
1131,6.1,0.715,0.1,2.6,0.053,13.0,0.99362,3.57,0.5,11.9,5,53.53162,14.0
1002,6.6,0.96,1e-12,1.8,0.0819999999999999,5.0,0.9936,3.5,0.44,11.9,6,42.275600000001006,11.0
650,8.4,0.62,0.12,1.8,0.072,38.0,0.99504,3.38,0.89,11.8,6,74.07704000000001,8.0
619,8.8,0.31,0.4,2.8,0.109,7.0,0.99614,3.31,0.79,11.8,7,45.31514,9.0
870,7.7,0.18,0.34,2.7,0.066,15.0,0.9947,3.37,0.78,11.8,6,85.9307,43.0
820,8.5,0.18,0.51,1.75,0.071,45.0,0.99524,3.33,0.76,11.8,7,115.89623999999999,43.0
801,8.5,0.28,0.35,1.7,0.061,6.0,0.99524,3.3,0.74,11.8,7,42.72624,9.0
893,8.5,0.37,0.32,1.8,0.066,26.0,0.99456,3.38,0.72,11.8,6,78.95056,25.0
662,8.8,0.3,0.38,2.3,0.06,19.0,0.99543,3.39,0.72,11.8,6,100.74543,53.0
822,8.5,0.32,0.42,2.3,0.075,12.0,0.99434,3.14,0.71,11.8,7,47.25934,7.0
636,8.9,0.31,0.36,2.6,0.0559999999999999,10.0,0.99562,3.4,0.69,11.8,5,68.11162,29.0
364,10.5,0.51,0.64,2.4,0.107,6.0,0.9973,3.09,0.66,11.8,7,45.7043,9.0
1126,7.5,0.52,0.4,2.2,0.06,12.0,0.99474,3.26,0.64,11.8,6,47.37474,8.0
749,10.2,0.29,0.65,2.4,0.075,6.0,0.99565,3.22,0.63,11.8,6,47.26065,11.0
769,10.0,0.26,0.54,1.9,0.083,42.0,0.99451,2.98,0.63,11.8,8,103.18751,32.0
750,8.2,0.74,0.09,2.0,0.067,5.0,0.99418,3.28,0.57,11.8,6,37.74118,5.0
620,7.7,0.715,0.01,2.1,0.064,31.0,0.99371,3.41,0.57,11.8,6,70.36271,12.0
877,6.5,0.67,1e-12,4.3,0.057,11.0,0.99488,3.45,0.56,11.8,4,48.331880000001,9.0
969,7.2,0.605,0.02,1.9,0.096,10.0,0.995,3.46,0.53,11.8,6,57.606,21.0
960,7.2,0.62,0.01,2.3,0.065,8.0,0.99332,3.32,0.51,11.8,6,72.81832,38.0
813,10.0,0.41,0.45,6.2,0.071,6.0,0.99702,3.21,0.49,11.8,7,47.62802,8.0
340,9.4,0.3,0.56,2.8,0.08,6.0,0.9964,3.15,0.92,11.7,8,46.906400000000005,11.0
781,9.1,0.3,0.41,2.0,0.068,10.0,0.99523,3.27,0.85,11.7,7,52.69323,14.0
706,9.1,0.3,0.34,2.0,0.064,12.0,0.99516,3.26,0.84,11.7,7,53.59916,13.0
705,9.1,0.29,0.33,2.05,0.063,13.0,0.99516,3.26,0.84,11.7,7,55.628159999999994,14.0
287,9.9,0.4,0.53,6.7,0.0969999999999999,6.0,0.9986,3.27,0.82,11.7,7,53.4156,13.0
252,10.5,0.42,0.66,2.95,0.1159999999999999,12.0,0.997,3.24,0.75,11.7,7,60.333,17.0
924,6.7,0.86,0.07,2.0,0.1,20.0,0.99598,3.6,0.74,11.7,6,83.76598,37.0
236,7.9,0.65,0.01,2.5,0.078,17.0,0.9963,3.34,0.74,11.7,7,65.9143,21.0
850,8.6,0.42,0.39,1.8,0.068,6.0,0.99516,3.35,0.69,11.7,8,40.01316,6.0
290,10.6,0.48,0.64,2.2,0.111,6.0,0.997,3.26,0.66,11.7,6,50.648,14.0
1096,6.6,0.56,0.14,2.4,0.064,13.0,0.99397,3.42,0.62,11.7,7,55.49797,16.0
899,7.3,0.44,0.2,1.6,0.049,24.0,0.9935,3.38,0.57,11.7,6,90.2325,40.0
408,6.2,0.36,0.24,2.2,0.095,19.0,0.9946,3.57,0.57,11.7,6,67.9296,23.0
398,10.9,0.53,0.49,4.6,0.118,10.0,1.0002,3.07,0.56,11.7,6,49.968199999999996,7.0
1027,6.9,0.58,0.2,1.75,0.0579999999999999,8.0,0.99322,3.38,0.49,11.7,5,48.05122,14.0
597,6.7,0.28,0.28,2.4,0.012,36.0,0.99064,3.26,0.39,11.7,7,126.01263999999999,64.0
974,7.5,0.58,0.56,3.1,0.153,5.0,0.99476,3.21,1.03,11.6,6,42.72776,9.0
1136,6.3,0.55,0.15,1.8,0.077,26.0,0.99314,3.32,0.82,11.6,6,60.61014,9.0
1133,6.7,0.32,0.44,2.4,0.061,24.0,0.99484,3.29,0.8,11.6,7,60.60584,10.0
1033,6.6,0.58,0.02,2.0,0.062,37.0,0.99374,3.35,0.76,11.6,7,78.96574000000001,16.0
744,9.9,0.53,0.57,2.4,0.093,30.0,0.9971,3.19,0.76,11.6,7,82.0401,22.0
347,8.7,0.69,0.31,3.0,0.086,23.0,1.0002,3.48,0.74,11.6,6,110.6062,58.0
814,7.8,0.39,0.42,2.0,0.086,9.0,0.99526,3.39,0.66,11.6,6,48.34126,12.0
765,8.5,0.34,0.4,4.7,0.055,3.0,0.99738,3.38,0.66,11.6,7,39.63238,6.0
1099,6.2,0.52,0.08,4.4,0.071,11.0,0.99646,3.56,0.63,11.6,6,60.05746,21.0
505,7.8,0.545,0.12,2.5,0.068,11.0,0.996,3.34,0.61,11.6,6,62.579,24.0
1137,5.4,0.74,0.09,1.7,0.089,16.0,0.99402,3.67,0.56,11.6,6,50.843019999999996,10.0
723,6.4,0.795,1e-12,2.2,0.065,28.0,0.99378,3.49,0.52,11.6,5,78.063780000001,24.0
233,10.3,0.44,0.5,4.5,0.107,5.0,0.998,3.28,0.83,11.5,5,45.455,8.0
862,10.9,0.32,0.52,1.8,0.132,17.0,0.99734,3.28,0.77,11.5,6,74.21934,27.0
232,11.6,0.53,0.66,3.65,0.121,6.0,0.9978,3.05,0.74,11.5,7,46.8488,8.0
328,10.3,0.5,0.42,2.0,0.069,21.0,0.9982,3.16,0.72,11.5,6,80.6672,30.0
702,7.5,0.43,0.3,2.2,0.062,6.0,0.99495,3.44,0.72,11.5,7,39.14695,6.0
227,9.8,0.66,0.39,3.2,0.083,21.0,0.9989,3.37,0.71,11.5,7,89.7119,38.0
831,6.5,0.61,1e-12,2.2,0.095,48.0,0.99541,3.61,0.7,11.5,6,85.210410000001,11.0
528,8.3,0.76,0.29,4.2,0.075,12.0,0.9965,3.45,0.68,11.5,6,46.2515,4.0
1069,6.9,0.74,0.03,2.3,0.054,7.0,0.99508,3.45,0.63,11.5,6,42.59908,9.0
396,5.0,1.04,0.24,1.6,0.05,32.0,0.9934,3.74,0.62,11.5,5,120.7834,64.0
826,7.6,0.5,0.29,2.3,0.086,5.0,0.99502,3.32,0.62,11.5,6,41.21102,9.0
796,6.3,0.76,1e-12,2.9,0.072,26.0,0.99379,3.51,0.6,11.5,6,78.635790000001,26.0
771,7.0,0.54,0.09,2.0,0.081,10.0,0.99479,3.43,0.59,11.5,6,42.225789999999996,6.0
122,7.4,0.62,0.05,1.9,0.068,24.0,0.9961,3.42,0.57,11.5,6,68.5241,18.0
1121,6.2,0.51,0.14,1.9,0.0559999999999999,15.0,0.99396,3.48,0.57,11.5,6,59.349959999999996,19.0
907,9.8,0.3,0.39,1.7,0.062,3.0,0.9948,3.14,0.57,11.5,7,37.4568,6.0
641,6.1,0.56,1e-12,2.2,0.079,6.0,0.9948,3.59,0.54,11.5,6,34.563800000001,3.0
521,8.9,0.875,0.13,3.45,0.088,4.0,0.9994,3.44,0.52,11.5,5,43.9024,10.0
421,6.6,0.39,0.49,1.7,0.07,23.0,0.9922,3.12,0.5,11.5,6,174.3622,126.0
896,10.4,0.43,0.5,2.3,0.068,13.0,0.996,3.1,0.87,11.4,6,49.064,6.0
1134,7.5,0.31,0.41,2.4,0.065,34.0,0.99492,3.34,0.85,11.4,6,87.26992,26.0
1014,7.0,0.54,1e-12,2.1,0.079,39.0,0.9956,3.39,0.84,11.4,6,81.34460000000101,16.0
372,7.0,0.38,0.49,2.5,0.0969999999999999,33.0,0.9962,3.39,0.77,11.4,6,112.0232,52.0
803,10.4,0.52,0.45,2.0,0.08,6.0,0.99774,3.22,0.76,11.4,6,42.82774,7.0
833,5.6,0.915,1e-12,2.1,0.0409999999999999,17.0,0.99346,3.68,0.73,11.4,5,103.459460000001,61.0
758,9.9,0.32,0.56,2.0,0.073,3.0,0.99534,3.15,0.73,11.4,6,37.12834,5.0
333,9.6,0.54,0.42,2.4,0.081,25.0,0.997,3.2,0.71,11.4,6,81.348,27.0
1104,7.4,0.36,0.3,1.8,0.074,17.0,0.99419,3.24,0.7,11.4,8,50.268190000000004,7.0
361,13.3,0.29,0.75,2.8,0.084,23.0,0.9986,3.04,0.68,11.4,7,76.3426,20.0
621,7.6,0.715,1e-12,2.1,0.068,30.0,0.99533,3.48,0.65,11.4,6,62.008330000000996,5.0
808,6.9,0.45,0.11,2.4,0.043,6.0,0.99354,3.3,0.65,11.4,6,38.24654,6.0
748,8.0,0.38,0.44,1.9,0.098,6.0,0.9956,3.3,0.64,11.4,6,42.153600000000004,9.0
770,7.9,0.34,0.42,2.0,0.086,8.0,0.99546,3.35,0.6,11.4,6,46.091460000000005,11.0
1063,5.6,0.54,0.04,1.7,0.049,5.0,0.9942,3.72,0.58,11.4,5,37.6232,8.0
733,6.9,0.44,1e-12,1.4,0.07,32.0,0.99438,3.32,0.58,11.4,6,63.104380000000994,6.0
585,6.9,0.39,0.24,2.1,0.102,4.0,0.99462,3.44,0.58,11.4,4,33.14662,3.0
401,12.7,0.6,0.49,2.8,0.075,5.0,0.9994,3.14,0.57,11.4,5,51.7744,14.0
958,6.1,0.59,0.01,2.1,0.0559999999999999,5.0,0.99472,3.52,0.56,11.4,5,38.33072,8.0
1073,7.5,0.38,0.57,2.3,0.106,5.0,0.99605,3.36,0.55,11.4,6,39.16205,7.0
936,9.1,0.34,0.42,1.8,0.0579999999999999,9.0,0.99392,3.18,0.55,11.4,5,45.84192,9.0
663,6.2,0.46,0.17,1.6,0.073,7.0,0.99425,3.61,0.54,11.4,5,36.04725,4.0
298,6.4,0.67,0.08,2.1,0.045,19.0,0.9949,3.49,0.49,11.4,6,73.66990000000001,29.0
835,9.8,0.39,0.43,1.65,0.068,5.0,0.99478,3.19,0.46,11.4,5,39.382780000000004,6.0
142,6.9,1.09,0.06,2.1,0.061,12.0,0.9948,3.51,0.43,11.4,4,57.5458,19.0
1018,7.9,0.18,0.4,2.2,0.049,38.0,0.996,3.33,0.93,11.3,5,94.285,29.0
611,8.2,0.26,0.34,2.5,0.073,16.0,0.99594,3.4,0.78,11.3,7,74.84894,31.0
586,12.6,0.41,0.54,2.8,0.103,19.0,0.99939,3.21,0.76,11.3,6,73.72239,22.0
1030,7.2,0.38,0.31,2.0,0.0559999999999999,15.0,0.99472,3.23,0.76,11.3,8,55.230720000000005,14.0
1031,7.2,0.37,0.32,2.0,0.062,15.0,0.9947,3.23,0.73,11.3,7,54.2067,13.0
676,6.4,0.57,0.12,2.3,0.12,25.0,0.99519,3.47,0.71,11.3,7,61.98519,11.0
1092,6.6,0.44,0.09,2.2,0.063,9.0,0.99444,3.42,0.69,11.3,6,43.79744,9.0
1129,6.8,0.67,0.15,1.8,0.118,13.0,0.9954,3.42,0.67,11.3,6,45.9234,7.0
1106,6.3,0.68,0.01,3.7,0.103,32.0,0.99586,3.51,0.66,11.3,6,81.25886,22.0
449,10.1,0.935,0.22,3.4,0.105,11.0,1.001,3.43,0.64,11.3,4,117.131,75.0
889,6.8,0.64,1e-12,2.7,0.123,15.0,0.99538,3.44,0.63,11.3,6,59.628380000001,18.0
675,9.0,0.36,0.52,2.1,0.111,5.0,0.99568,3.31,0.62,11.3,6,38.316680000000005,5.0
325,9.2,0.43,0.52,2.3,0.083,14.0,0.9976,3.35,0.61,11.3,6,51.7906,9.0
788,7.0,0.69,0.07,2.5,0.091,15.0,0.99572,3.38,0.6,11.3,6,47.62672,6.0
795,8.8,0.24,0.35,1.7,0.055,13.0,0.99394,3.14,0.59,11.3,7,54.16894,14.0
692,7.4,0.58,1e-12,2.0,0.064,7.0,0.99562,3.45,0.58,11.3,6,37.36962000000099,4.0
460,6.7,0.42,0.27,8.6,0.068,24.0,0.9948,3.16,0.57,11.3,6,180.08280000000002,124.0
484,8.1,0.78,0.23,2.6,0.059,5.0,0.997,3.37,0.56,11.3,5,42.995999999999995,10.0
687,7.0,0.4,0.32,3.6,0.061,9.0,0.99416,3.28,0.49,11.3,7,56.44516,20.0
856,6.2,0.39,0.43,2.0,0.071,14.0,0.99428,3.45,0.87,11.2,7,49.60528,10.0
599,10.1,0.31,0.35,1.6,0.075,9.0,0.99672,3.24,0.83,11.2,7,56.701719999999995,19.0
1100,8.4,0.37,0.43,2.3,0.063,12.0,0.9955,3.17,0.81,11.2,7,46.7385,7.0
653,8.6,0.47,0.27,2.3,0.055,14.0,0.99516,3.18,0.8,11.2,5,55.87016,14.0
925,9.1,0.37,0.32,2.1,0.064,4.0,0.99576,3.3,0.8,11.2,6,43.249759999999995,11.0
1141,5.9,0.55,0.1,2.2,0.062,39.0,0.99512,3.52,0.76,11.2,6,76.28712,12.0
319,10.4,0.33,0.63,2.8,0.084,5.0,0.9998,3.26,0.74,11.2,7,52.443799999999996,17.0
314,9.3,0.48,0.29,2.1,0.127,6.0,0.9968,3.22,0.72,11.2,5,44.4338,10.0
1118,6.7,0.16,0.64,2.1,0.059,24.0,0.99494,3.34,0.71,11.2,6,77.90393999999999,28.0
766,7.9,0.19,0.42,1.6,0.057,18.0,0.994,3.29,0.69,11.2,6,56.340999999999994,12.0
311,15.6,0.685,0.76,3.7,0.1,6.0,1.0032,2.95,0.68,11.2,7,79.6782,37.0
800,7.2,0.48,0.07,5.5,0.089,10.0,0.99684,3.37,0.68,11.2,7,47.58584,8.0
672,8.2,0.31,0.4,2.2,0.0579999999999999,6.0,0.99536,3.31,0.68,11.2,7,37.353359999999995,4.0
459,8.7,0.48,0.3,2.8,0.066,10.0,0.9964,3.33,0.67,11.2,7,56.5424,18.0
308,11.1,0.45,0.73,3.2,0.066,6.0,0.9986,3.17,0.66,11.2,6,53.5746,16.0
383,11.2,0.5,0.74,5.15,0.1,5.0,0.9996,3.22,0.62,11.2,5,50.729600000000005,12.0
712,8.0,0.58,0.16,2.0,0.12,3.0,0.99454,3.22,0.58,11.2,6,33.85454,4.0
1016,7.6,0.41,0.33,2.5,0.078,6.0,0.9957,3.3,0.58,11.2,5,49.9937,17.0
626,6.8,0.57,1e-12,2.5,0.072,32.0,0.99491,3.43,0.56,11.2,6,90.126910000001,32.0
891,6.3,1.02,1e-12,2.0,0.083,17.0,0.99437,3.59,0.55,11.2,4,49.737370000001,7.0
849,7.9,0.34,0.36,1.9,0.065,5.0,0.99419,3.27,0.54,11.2,7,36.56919,5.0
902,7.8,0.58,0.13,2.1,0.102,17.0,0.9944,3.24,0.53,11.2,6,62.6764,19.0
900,5.9,0.46,1e-12,1.9,0.077,25.0,0.99385,3.5,0.53,11.2,5,68.560850000001,19.0
832,6.5,0.88,0.03,5.6,0.079,23.0,0.99572,3.58,0.5,11.2,4,76.36471999999999,24.0
540,6.3,0.98,0.01,2.0,0.057,15.0,0.99488,3.6,0.46,11.2,6,58.60188,18.0
755,9.3,0.33,0.45,1.5,0.057,19.0,0.99498,3.18,0.89,11.1,7,64.80198,18.0
677,8.5,0.47,0.27,1.9,0.0579999999999999,18.0,0.99518,3.16,0.85,11.1,6,65.30318,20.0
730,8.9,0.5,0.21,2.2,0.088,21.0,0.99692,3.33,0.83,11.1,6,67.15492,18.0
1049,7.6,0.35,0.6,2.6,0.073,23.0,0.99656,3.38,0.79,11.1,6,71.48956000000001,21.0
351,7.2,0.34,0.32,2.5,0.09,43.0,0.9966,3.32,0.79,11.1,5,139.6566,70.0
595,5.9,0.61,0.08,2.1,0.071,16.0,0.99376,3.56,0.77,11.1,6,49.184760000000004,8.0
399,15.6,0.645,0.49,4.2,0.095,10.0,1.00315,2.92,0.74,11.1,5,59.793150000000004,13.0
397,15.5,0.645,0.49,4.2,0.095,10.0,1.00315,2.92,0.74,11.1,5,59.69315,13.0
516,8.1,0.72,0.09,2.8,0.084,18.0,0.9994,3.43,0.72,11.1,6,77.0434,31.0
993,7.2,0.67,1e-12,2.2,0.068,10.0,0.9956,3.42,0.72,11.1,6,50.373600000001,14.0
1078,7.9,0.18,0.4,1.8,0.062,7.0,0.9941,3.28,0.7,11.1,5,46.4161,13.0
818,9.6,0.42,0.35,2.1,0.083,17.0,0.99622,3.23,0.66,11.1,6,66.53922,21.0
1123,6.4,0.38,0.14,2.2,0.038,15.0,0.99514,3.44,0.65,11.1,6,50.34314,10.0
320,7.0,0.23,0.4,1.6,0.063,21.0,0.9952,3.5,0.63,11.1,5,92.51820000000001,46.0
964,7.3,0.43,0.24,2.5,0.078,27.0,0.99648,3.6,0.59,11.1,6,93.83448000000001,40.0
1024,6.8,0.915,0.29,4.8,0.07,15.0,0.99577,3.53,0.54,11.1,5,68.04077000000001,24.0
1026,7.3,0.67,0.02,2.2,0.072,31.0,0.99566,3.32,0.68,11.066666666666698,6,118.3243266666667,61.0
265,11.5,0.45,0.5,3.0,0.078,19.0,1.0003,3.26,1.11,11.0,6,78.8983,28.0
337,10.4,0.24,0.49,1.8,0.075,6.0,0.9977,3.18,1.06,11.0,6,49.2427,14.0
409,11.5,0.35,0.49,3.3,0.07,10.0,1.0003,3.32,0.91,11.0,6,68.94030000000001,27.0
296,10.5,0.24,0.47,2.1,0.066,6.0,0.9978,3.15,0.9,11.0,7,53.4238,18.0
251,11.5,0.41,0.52,3.0,0.08,29.0,1.0001,3.26,0.88,11.0,5,86.65010000000001,26.0
654,8.6,0.22,0.36,1.9,0.064,53.0,0.99604,3.47,0.87,11.0,7,104.48004,24.0
807,8.2,0.38,0.32,2.5,0.08,24.0,0.99624,3.27,0.85,11.0,6,98.59624000000001,47.0
852,7.2,0.36,0.46,2.1,0.074,24.0,0.99534,3.4,0.85,11.0,7,70.43934,20.0
834,8.2,0.35,0.33,2.4,0.076,11.0,0.99599,3.27,0.81,11.0,6,74.43199,36.0
1032,7.8,0.32,0.44,2.7,0.104,8.0,0.99732,3.33,0.78,11.0,7,44.47132,9.0
1138,6.3,0.51,0.13,2.3,0.076,29.0,0.99574,3.42,0.75,11.0,6,65.48174,11.0
385,9.5,0.46,0.49,6.3,0.064,5.0,0.9988,3.21,0.73,11.0,6,49.7528,12.0
387,11.2,0.66,0.24,2.5,0.085,16.0,0.9993,3.06,0.72,11.0,6,83.46430000000001,37.0
649,8.4,0.36,0.32,2.2,0.081,32.0,0.9964,3.3,0.72,11.0,6,106.3774,47.0
640,7.2,0.54,0.27,2.6,0.084,12.0,0.9964,3.39,0.71,11.0,5,104.7904,66.0
786,7.9,0.33,0.41,1.5,0.0559999999999999,6.0,0.99396,3.29,0.71,11.0,6,61.18996,29.0
888,7.0,0.58,0.28,4.8,0.085,12.0,0.99633,3.32,0.7,11.0,6,97.76133,57.0
1072,6.2,0.44,0.39,2.5,0.077,6.0,0.99555,3.51,0.69,11.0,6,39.80255,8.0
226,7.4,0.36,0.29,2.6,0.087,26.0,0.99645,3.39,0.68,11.0,5,98.80345,46.0
1015,6.4,0.53,0.09,3.9,0.123,14.0,0.9968,3.5,0.67,11.0,4,58.2098,17.0
276,11.5,0.59,0.59,2.6,0.087,13.0,0.9988,3.18,0.65,11.0,6,80.19579999999999,36.0
349,10.7,0.35,0.53,2.6,0.07,5.0,0.9972,3.15,0.65,11.0,8,46.0472,11.0
592,7.5,0.27,0.34,2.3,0.05,4.0,0.9951,3.4,0.64,11.0,7,34.4951,4.0
1017,7.8,0.64,1e-12,1.9,0.072,27.0,0.9962,3.31,0.63,11.0,5,81.34820000000101,28.0
647,5.3,0.715,0.19,1.5,0.161,7.0,0.99395,3.62,0.61,11.0,5,86.08995,55.0
1110,6.6,0.855,0.02,2.4,0.062,15.0,0.99627,3.54,0.6,11.0,6,49.073269999999994,8.0
916,7.6,0.74,1e-12,1.9,0.1,6.0,0.99521,3.36,0.59,11.0,5,38.285210000001,6.0
458,8.3,0.845,0.01,2.2,0.07,5.0,0.9967,3.32,0.58,11.0,4,41.3217,9.0
987,8.0,0.64,0.22,2.4,0.094,5.0,0.99612,3.37,0.58,11.0,5,60.30012,28.0
759,8.6,0.37,0.65,6.4,0.08,3.0,0.99817,3.27,0.58,11.0,5,39.94816999999999,5.0
1044,6.7,1.04,0.08,2.3,0.067,19.0,0.99648,3.52,0.57,11.0,4,58.273480000000006,13.0
153,8.7,0.625,0.16,2.0,0.1009999999999999,13.0,0.9962,3.14,0.57,11.0,5,76.29220000000001,36.0
1050,6.1,0.6,0.08,1.8,0.071,14.0,0.99336,3.38,0.54,11.0,5,69.56436,31.0
956,11.5,0.42,0.48,2.6,0.077,8.0,0.99852,3.09,0.53,11.0,5,50.69552,12.0
235,8.4,0.56,0.08,2.1,0.105,16.0,0.9958,3.13,0.52,11.0,5,70.8908,28.0
998,8.2,0.24,0.34,5.1,0.062,8.0,0.9974,3.22,0.94,10.9,6,51.9994,14.0
188,12.5,0.56,0.49,2.4,0.064,5.0,0.9999,3.08,0.87,10.9,5,58.8639,22.0
683,10.4,0.26,0.48,1.9,0.066,6.0,0.99724,3.33,0.87,10.9,6,39.20324000000001,4.0
861,9.0,0.39,0.4,1.3,0.044,25.0,0.99478,3.2,0.83,10.9,6,77.05878,25.0
753,11.1,0.31,0.53,2.2,0.06,3.0,0.99572,3.02,0.83,10.9,7,39.94572,7.0
1117,6.7,0.67,0.02,1.9,0.061,26.0,0.99489,3.39,0.82,10.9,6,67.45589,16.0
846,7.7,0.26,0.26,2.0,0.052,19.0,0.9951,3.15,0.79,10.9,6,103.1071,58.0
736,9.3,0.49,0.36,1.7,0.081,3.0,0.99702,3.27,0.78,10.9,6,41.87802,11.0
917,8.2,0.635,0.1,2.1,0.073,25.0,0.99638,3.29,0.75,10.9,6,87.04437999999999,35.0
608,9.3,0.36,0.39,1.5,0.08,41.0,0.99652,3.47,0.73,10.9,6,82.72652,14.0
601,10.6,0.5,0.45,2.6,0.119,34.0,0.99708,3.23,0.72,10.9,6,98.11608,34.0
168,12.0,0.38,0.56,2.1,0.093,6.0,0.99925,3.14,0.71,10.9,6,54.882250000000006,18.0
837,6.7,0.64,0.23,2.1,0.08,11.0,0.99538,3.36,0.7,10.9,5,144.70538,108.0
886,7.8,0.7,0.06,1.9,0.079,20.0,0.99628,3.4,0.69,10.9,5,61.525279999999995,15.0
1034,11.7,0.45,0.63,2.2,0.073,7.0,0.99974,3.21,0.69,10.9,6,53.852740000000004,16.0
910,7.9,0.765,1e-12,2.0,0.084,9.0,0.99619,3.33,0.68,10.9,6,48.655190000001,13.0
584,12.9,0.5,0.55,2.8,0.072,7.0,1.00012,3.09,0.68,10.9,6,56.49212,17.0
1135,5.8,0.61,0.11,1.8,0.066,18.0,0.99483,3.55,0.66,10.9,6,52.49083,10.0
1035,6.5,0.9,1e-12,1.6,0.052,9.0,0.99467,3.5,0.63,10.9,6,42.076670000001,8.0
882,7.1,0.6,0.01,2.3,0.079,24.0,0.99514,3.4,0.61,10.9,6,62.994139999999994,13.0
84,8.8,0.55,0.04,2.2,0.119,14.0,0.9962,3.21,0.6,10.9,6,83.4152,42.0
644,9.1,0.28,0.46,9.0,0.114,3.0,0.99901,3.18,0.6,10.9,6,43.63301,6.0
912,7.0,0.42,0.19,2.3,0.071,18.0,0.99476,3.39,0.56,10.9,5,61.82576,18.0
594,7.5,0.685,0.07,2.5,0.0579999999999999,5.0,0.99632,3.38,0.55,10.9,4,35.63932,4.0
695,9.7,0.295,0.4,1.5,0.073,14.0,0.99556,3.14,0.51,10.9,6,48.513560000000005,7.0
87,8.2,1.33,1e-12,1.7,0.081,3.0,0.9964,3.53,0.49,10.9,5,39.227400000001,9.0
88,8.1,1.33,1e-12,1.8,0.0819999999999999,3.0,0.9964,3.54,0.48,10.9,5,39.228400000001,9.0
295,7.7,0.96,0.2,2.0,0.047,15.0,0.9955,3.36,0.44,10.9,5,86.60249999999999,45.0
922,7.6,1.58,1e-12,2.1,0.1369999999999999,5.0,0.99476,3.5,0.4,10.9,3,36.211760000001,4.0
45,7.2,0.725,0.05,4.65,0.086,4.0,0.9962,3.41,0.39,10.9,5,39.4072,7.0
357,10.5,0.24,0.42,1.8,0.077,6.0,0.9976,3.21,1.05,10.8,7,51.0946,16.0
359,10.4,0.24,0.46,1.8,0.075,6.0,0.9976,3.25,1.02,10.8,7,50.0426,15.0
574,9.3,0.37,0.44,1.6,0.038,21.0,0.99526,3.24,0.81,10.8,7,69.59326,21.0
1127,8.0,0.3,0.63,1.6,0.081,16.0,0.99588,3.3,0.78,10.8,6,55.48688,13.0
737,9.3,0.5,0.36,1.8,0.084,6.0,0.99704,3.27,0.77,10.8,6,44.88104,11.0
145,12.8,0.3,0.74,2.6,0.095,9.0,0.9994,3.2,0.77,10.8,7,60.3044,19.0
783,10.8,0.47,0.43,2.1,0.171,27.0,0.9982,3.17,0.76,10.8,6,95.6992,39.0
637,7.4,0.635,0.1,2.4,0.08,16.0,0.99736,3.58,0.69,10.8,7,59.68236,17.0
1075,6.8,0.81,0.05,2.0,0.07,6.0,0.99562,3.51,0.66,10.8,6,39.69562,8.0
282,9.8,0.44,0.47,2.5,0.063,9.0,0.9981,3.24,0.65,10.8,6,56.9611,19.0
283,12.0,0.39,0.66,3.0,0.093,12.0,0.9996,3.18,0.63,10.8,7,61.7526,18.0
871,7.8,0.815,0.01,2.6,0.074,48.0,0.99621,3.38,0.62,10.8,5,117.09521,42.0
754,8.0,0.62,0.35,2.8,0.086,28.0,0.997,3.31,0.62,10.8,5,79.583,24.0
978,7.5,0.57,0.02,2.6,0.077,11.0,0.99557,3.36,0.62,10.8,6,61.54257,24.0
496,11.8,0.38,0.55,2.1,0.071,5.0,0.9986,3.11,0.62,10.8,6,49.42960000000001,14.0
316,11.9,0.39,0.69,2.8,0.095,17.0,0.9994,3.1,0.61,10.8,6,66.3844,18.0
26,7.8,0.6,0.14,2.4,0.086,3.0,0.9975,3.42,0.6,10.8,6,41.843500000000006,12.0
639,6.8,0.59,0.06,6.0,0.06,11.0,0.9962,3.41,0.59,10.8,7,47.306200000000004,7.0
642,7.4,0.52,0.13,2.4,0.078,34.0,0.99528,3.43,0.59,10.8,6,87.34328000000001,27.0
570,7.7,0.6,1e-12,2.6,0.055,7.0,0.99639,3.38,0.56,10.8,5,39.691390000001,6.0
1041,6.9,0.63,0.01,2.4,0.076,14.0,0.99522,3.34,0.53,10.8,6,64.68122,25.0
841,6.5,0.885,1e-12,2.3,0.166,6.0,0.99551,3.56,0.51,10.8,5,37.716510000001,6.0
773,6.6,0.725,0.09,5.5,0.1169999999999999,9.0,0.99655,3.35,0.49,10.8,6,45.668549999999996,8.0
999,6.0,0.51,1e-12,2.1,0.064,40.0,0.995,3.54,0.93,10.7,6,78.839000000001,14.0
391,10.6,0.31,0.49,2.5,0.067,6.0,0.9987,3.26,0.86,10.7,6,50.78569999999999,15.0
407,9.8,0.5,0.49,2.6,0.25,5.0,0.999,3.31,0.79,10.7,6,49.43899999999999,15.0
243,11.9,0.57,0.5,2.6,0.0819999999999999,6.0,1.0006,3.12,0.78,10.7,6,63.2526,26.0
381,8.1,0.825,0.24,2.1,0.084,5.0,0.9972,3.37,0.77,10.7,6,40.1862,8.0
193,7.9,0.545,0.06,4.0,0.087,27.0,0.9965,3.36,0.67,10.7,6,89.3185,34.0
734,7.6,0.78,1e-12,1.7,0.076,33.0,0.99612,3.31,0.62,10.7,6,70.782120000001,12.0
997,8.0,0.5,0.39,2.6,0.0819999999999999,12.0,0.9985,3.43,0.62,10.7,6,73.32050000000001,34.0
1059,8.1,0.33,0.44,1.5,0.042,6.0,0.99542,3.35,0.61,10.7,5,38.06742,6.0
216,7.5,0.53,0.06,2.6,0.086,20.0,0.9965,3.38,0.59,10.7,6,70.44250000000001,24.0
47,6.6,0.705,0.07,1.6,0.076,6.0,0.9962,3.44,0.58,10.7,5,39.7672,9.0
757,8.0,0.62,0.33,2.7,0.088,16.0,0.9972,3.31,0.58,10.7,6,64.3252,21.0
632,7.1,0.59,0.01,2.3,0.08,27.0,0.9955,3.42,0.58,10.7,6,68.7755,16.0
67,6.8,0.775,1e-12,3.0,0.102,8.0,0.9965,3.45,0.56,10.7,5,49.383500000001,15.0
52,6.8,0.785,1e-12,2.4,0.104,14.0,0.9966,3.52,0.55,10.7,6,55.855600000001004,16.0
575,9.4,0.5,0.34,3.6,0.0819999999999999,5.0,0.9987,3.29,0.52,10.7,6,43.4307,9.0
593,7.1,0.46,0.14,2.8,0.076,15.0,0.99624,3.36,0.49,10.7,5,63.12224,22.0
539,7.8,0.91,0.07,1.9,0.0579999999999999,22.0,0.99525,3.51,0.43,10.7,6,73.37325,25.0
264,9.1,0.28,0.48,1.8,0.067,26.0,0.9967,3.32,1.04,10.6,6,73.6837,20.0
1086,6.1,0.32,0.25,2.3,0.071,23.0,0.99633,3.42,0.97,10.6,5,83.02733,35.0
206,8.7,0.52,0.09,2.5,0.091,20.0,0.9976,3.34,0.86,10.6,7,76.6986,29.0
1068,7.0,0.43,0.02,1.9,0.08,15.0,0.99492,3.35,0.81,10.6,6,53.18492,13.0
1062,6.0,0.64,0.05,1.9,0.066,9.0,0.99496,3.52,0.78,10.6,5,41.550959999999996,8.0
1003,6.4,0.47,0.4,2.4,0.071,8.0,0.9963,3.56,0.73,10.6,6,44.6273,11.0
1077,7.1,0.27,0.6,2.1,0.074,17.0,0.99814,3.38,0.72,10.6,6,50.84214,8.0
1056,8.2,0.28,0.6,3.0,0.104,10.0,0.99828,3.39,0.68,10.6,5,49.85228,12.0
612,11.7,0.28,0.47,1.7,0.054,17.0,0.99686,3.15,0.67,10.6,7,61.62086,15.0
727,10.1,0.37,0.34,2.4,0.085,5.0,0.99683,3.17,0.65,10.6,7,45.71183,12.0
332,13.0,0.32,0.65,2.6,0.093,15.0,0.9996,3.05,0.61,10.6,5,78.92259999999999,32.0
937,6.7,0.46,0.24,1.7,0.077,18.0,0.9948,3.39,0.6,10.6,6,58.7618,16.0
617,6.9,0.56,0.03,1.5,0.086,36.0,0.99522,3.53,0.57,10.6,5,70.77122,10.0
299,9.5,0.78,0.22,1.9,0.077,6.0,0.9988,3.26,0.56,10.6,6,59.895799999999994,26.0
1108,7.0,0.56,0.17,1.7,0.065,15.0,0.99514,3.44,0.68,10.55,7,49.16014,9.0
971,6.9,0.54,0.3,2.2,0.088,9.0,0.99725,3.25,1.18,10.5,6,130.95525,96.0
48,8.0,0.705,0.05,1.9,0.074,8.0,0.9962,3.34,0.95,10.5,6,45.5152,11.0
89,8.0,0.59,0.16,1.8,0.065,3.0,0.9962,3.42,0.92,10.5,7,42.4512,13.0
30,7.5,0.49,0.2,2.6,0.332,8.0,0.9968,3.21,0.9,10.5,6,40.7288,6.0
28,7.3,0.45,0.36,5.9,0.074,12.0,0.9978,3.33,0.83,10.5,5,116.7418,75.0
183,10.0,0.31,0.47,2.6,0.085,14.0,0.99965,3.36,0.8,10.5,7,62.12465,19.0
198,8.9,0.4,0.32,5.6,0.087,10.0,0.9991,3.38,0.77,10.5,7,77.95609999999999,37.0
152,7.0,0.49,0.49,5.6,0.06,26.0,0.9974,3.34,0.76,10.5,5,150.2374,95.0
12,8.5,0.28,0.56,1.8,0.092,35.0,0.9969,3.3,0.75,10.5,7,129.7789,68.0
661,6.6,0.61,0.01,1.9,0.08,8.0,0.99746,3.69,0.73,10.5,5,50.11746,17.0
313,12.5,0.38,0.6,2.6,0.081,31.0,0.9996,3.1,0.73,10.5,5,103.4906,41.0
107,7.1,0.43,0.42,5.5,0.07,29.0,0.9973,3.42,0.72,10.5,5,158.1573,100.0
688,9.1,0.5,0.3,1.9,0.065,8.0,0.99774,3.32,0.71,10.5,6,44.39274,9.0
106,7.1,0.43,0.42,5.5,0.071,28.0,0.9973,3.42,0.71,10.5,5,157.1483,100.0
880,7.4,0.55,0.19,1.8,0.0819999999999999,15.0,0.99655,3.49,0.68,10.5,5,59.68855,19.0
467,12.0,0.5,0.59,1.4,0.073,23.0,0.998,2.92,0.68,10.5,7,71.661,19.0
827,9.2,0.36,0.34,1.6,0.062,5.0,0.99667,3.2,0.67,10.5,6,38.92867,7.0
51,8.8,0.41,0.64,2.2,0.093,9.0,0.9986,3.54,0.66,10.5,5,69.8416,33.0
624,8.9,0.75,0.14,2.5,0.086,9.0,0.99824,3.34,0.64,10.5,5,57.854240000000004,21.0
280,11.4,0.6,0.49,2.7,0.085,10.0,0.9994,3.15,0.63,10.5,6,71.5544,31.0
1084,7.4,0.47,0.46,2.2,0.114,7.0,0.99647,3.32,0.63,10.5,5,46.090469999999996,13.0
81,9.4,0.4,0.31,2.2,0.09,13.0,0.9966,3.07,0.63,10.5,6,89.5966,49.0
125,7.5,0.52,0.42,2.3,0.087,8.0,0.9972,3.58,0.61,10.5,6,64.51419999999999,30.0
279,12.2,0.48,0.54,2.6,0.085,19.0,1.0,3.1,0.61,10.5,6,95.11500000000001,45.0
558,8.3,0.43,0.3,3.4,0.079,7.0,0.99788,3.36,0.61,10.5,5,61.976879999999994,27.0
1037,8.4,0.29,0.4,1.7,0.067,8.0,0.99603,3.39,0.6,10.5,5,46.34303,12.0
1140,6.2,0.6,0.08,2.0,0.09,32.0,0.9949,3.45,0.58,10.5,5,68.4949,12.0
160,7.7,0.43,0.25,2.6,0.073,29.0,0.99615,3.37,0.58,10.5,6,89.49914999999999,34.0
448,7.6,0.41,0.14,3.0,0.087,21.0,0.9964,3.32,0.57,10.5,6,69.6234,22.0
913,11.3,0.37,0.5,1.8,0.09,20.0,0.99734,3.15,0.57,10.5,5,76.27734000000001,27.0
720,7.7,0.58,0.01,1.8,0.088,12.0,0.99568,3.32,0.56,10.5,7,43.55368,6.0
651,9.6,0.41,0.37,2.3,0.091,10.0,0.99786,3.24,0.56,10.5,5,51.06886,13.0
952,7.5,0.51,0.02,1.7,0.084,13.0,0.99538,3.36,0.54,10.5,6,56.209379999999996,18.0
718,7.0,0.51,0.09,2.1,0.062,4.0,0.99584,3.35,0.54,10.5,5,34.14784,5.0
429,8.8,0.48,0.41,3.3,0.092,26.0,0.9982,3.31,0.53,10.5,6,80.4202,26.0
177,11.1,0.35,0.48,3.1,0.09,5.0,0.9986,3.17,0.53,10.5,5,51.318599999999996,16.0
504,7.4,0.49,0.19,3.0,0.077,16.0,0.9966,3.37,0.51,10.5,5,63.5336,21.0
66,5.0,1.02,0.04,1.4,0.045,41.0,0.9938,3.75,0.48,10.5,4,108.22879999999999,44.0
291,7.0,0.58,0.12,1.9,0.091,34.0,0.9956,3.44,0.48,10.5,5,149.10660000000001,90.0
931,8.0,1.18,0.21,1.9,0.083,14.0,0.99532,3.34,0.47,10.5,5,67.67832,27.0
583,7.3,0.49,0.1,2.6,0.068,4.0,0.99562,3.3,0.47,10.5,5,39.82362,10.0
253,11.9,0.43,0.66,3.1,0.109,10.0,1.0,3.15,0.85,10.4,7,54.599000000000004,13.0
334,12.5,0.37,0.55,2.6,0.083,25.0,0.9995,3.15,0.82,10.4,6,99.4725,43.0
811,8.2,0.2,0.43,2.5,0.076,31.0,0.99672,3.53,0.81,10.4,6,78.14272,20.0
292,11.9,0.38,0.51,2.0,0.121,7.0,0.9996,3.24,0.76,10.4,6,50.31060000000001,13.0
392,12.4,0.35,0.49,2.6,0.079,27.0,0.9994,3.12,0.75,10.4,6,100.1884,42.0
1039,6.4,0.42,0.09,2.3,0.054,34.0,0.99724,3.41,0.68,10.4,6,88.75124,30.0
674,8.5,0.21,0.52,1.9,0.09,9.0,0.99648,3.36,0.67,10.4,5,49.64648,14.0
625,9.0,0.8,0.12,2.4,0.083,8.0,0.99836,3.33,0.65,10.4,6,55.78136,20.0
228,9.6,0.77,0.12,2.9,0.0819999999999999,30.0,0.99865,3.3,0.64,10.4,6,102.81065,44.0
430,10.1,0.65,0.37,5.1,0.11,11.0,1.0026,3.32,0.64,10.4,6,96.6926,54.0
908,7.1,0.46,0.2,1.9,0.077,28.0,0.9956,3.37,0.64,10.4,6,79.1426,26.0
735,7.1,0.43,0.17,1.8,0.0819999999999999,27.0,0.99634,3.49,0.64,10.4,5,76.10834,24.0
798,9.1,0.6,1e-12,1.9,0.0579999999999999,5.0,0.9977,3.18,0.63,10.4,6,36.865700000001,5.0
857,6.8,0.65,0.02,2.1,0.078,8.0,0.99498,3.35,0.62,10.4,6,40.012980000000006,7.0
1019,7.4,0.41,0.24,1.8,0.066,18.0,0.9956,3.37,0.62,10.4,5,72.30160000000001,29.0
715,7.0,0.5,0.14,1.8,0.078,10.0,0.99636,3.53,0.61,10.4,5,48.05436,13.0
410,10.2,0.24,0.49,2.4,0.075,10.0,0.9978,3.14,0.61,10.4,5,56.552800000000005,18.0
301,12.8,0.84,0.63,2.4,0.088,13.0,0.9997,3.1,0.6,10.4,6,66.8577,22.0
721,8.6,0.83,1e-12,2.8,0.095,17.0,0.99822,3.33,0.6,10.4,6,70.653220000001,26.0
1087,6.8,0.48,0.25,2.0,0.076,29.0,0.9953,3.34,0.6,10.4,5,85.9413,32.0
1103,11.2,0.4,0.5,2.0,0.099,19.0,0.99783,3.1,0.58,10.4,5,79.27682999999999,31.0
515,9.0,0.66,0.17,3.0,0.077,5.0,0.9976,3.29,0.55,10.4,5,41.1446,8.0
119,6.8,0.63,0.07,2.1,0.089,11.0,0.9953,3.47,0.55,10.4,6,69.1043,33.0
709,8.9,0.32,0.31,2.0,0.088,12.0,0.9957,3.17,0.55,10.4,6,45.733700000000006,7.0
859,10.2,0.33,0.46,1.9,0.081,6.0,0.99628,3.1,0.48,10.4,6,36.94728,3.0
614,7.5,0.42,0.32,2.7,0.067,7.0,0.99628,3.24,0.44,10.4,5,51.08328,18.0
454,8.9,0.29,0.35,1.9,0.067,25.0,0.997,3.18,1.36,10.3,6,84.344,32.0
31,8.1,0.66,0.22,2.2,0.069,9.0,0.9968,3.3,1.2,10.3,5,50.0458,14.0
374,9.1,0.22,0.24,2.1,0.078,1.0,0.999,3.41,0.87,10.3,6,55.317,27.0
1083,6.5,0.53,0.06,2.0,0.063,29.0,0.99489,3.38,0.83,10.3,6,68.65789,15.0
864,12.6,0.39,0.49,2.5,0.08,8.0,0.9992,3.07,0.82,10.3,6,51.2492,12.0
143,9.6,0.32,0.47,1.4,0.0559999999999999,9.0,0.99695,3.22,0.82,10.3,7,51.182950000000005,15.0
57,6.3,0.3,0.48,1.8,0.069,18.0,0.9959,3.44,0.78,10.3,6,85.4649,43.0
204,12.0,0.45,0.55,2.0,0.073,25.0,0.9997,3.1,0.76,10.3,6,79.2327,24.0
205,7.5,0.4,0.12,3.0,0.092,29.0,0.9967,3.37,0.7,10.3,6,79.4787,24.0
985,6.6,0.64,0.31,6.1,0.083,7.0,0.99718,3.35,0.68,10.3,5,78.06018,42.0
209,10.4,0.55,0.23,2.7,0.091,18.0,0.9994,3.22,0.64,10.3,6,77.13040000000001,30.0
239,7.8,0.43,0.32,2.8,0.08,29.0,0.9974,3.31,0.64,10.3,5,84.6774,29.0
600,6.6,0.66,1e-12,3.0,0.115,21.0,0.99629,3.45,0.63,10.3,5,56.751290000001006,10.0
375,11.9,0.38,0.49,2.7,0.098,12.0,1.0004,3.16,0.61,10.3,5,72.6384,30.0
1061,6.8,0.68,0.21,2.1,0.07,9.0,0.99546,3.38,0.6,10.3,5,48.13546,14.0
894,7.2,0.57,0.05,2.3,0.081,16.0,0.99564,3.38,0.6,10.3,6,61.47664,20.0
557,6.9,0.635,0.17,2.4,0.241,6.0,0.9961,3.4,0.59,10.3,6,43.632099999999994,12.0
322,8.9,0.59,0.39,2.3,0.095,5.0,0.9986,3.37,0.58,10.3,5,49.5236,17.0
582,7.6,0.48,0.31,2.8,0.07,4.0,0.99693,3.22,0.55,10.3,6,41.326930000000004,11.0
703,8.2,0.43,0.29,1.6,0.081,27.0,0.99603,3.25,0.54,10.3,5,70.68703,18.0
591,7.1,0.48,0.28,2.8,0.068,6.0,0.99682,3.24,0.53,10.3,5,41.79482,10.0
102,7.3,0.33,0.47,2.1,0.077,5.0,0.9958,3.33,0.53,10.3,6,36.4328,6.0
1025,7.0,0.59,1e-12,1.7,0.052,3.0,0.996,3.41,0.47,10.3,5,32.518000000000995,5.0
961,7.6,0.645,0.03,1.9,0.086,14.0,0.9969,3.37,0.46,10.3,5,82.3879,43.0
572,10.8,0.89,0.3,2.6,0.132,7.0,0.99786,2.99,1.18,10.2,5,90.08986,53.0
914,7.0,0.6,0.3,4.5,0.068,20.0,0.99914,3.3,1.17,10.2,5,138.13714,90.0
655,9.4,0.24,0.33,2.3,0.061,52.0,0.99786,3.47,0.9,10.2,6,100.89886000000001,21.0
258,12.5,0.46,0.63,2.0,0.071,6.0,0.9988,2.99,0.87,10.2,5,45.7198,9.0
344,9.3,0.39,0.4,2.6,0.073,10.0,0.9984,3.34,0.75,10.2,6,54.0514,16.0
441,6.8,0.69,1e-12,5.6,0.124,21.0,0.9997,3.46,0.72,10.2,5,86.593700000001,37.0
1142,5.9,0.645,0.12,2.0,0.075,32.0,0.99547,3.57,0.71,10.2,5,68.21547,12.0
1093,6.1,0.705,0.1,2.8,0.081,13.0,0.99631,3.6,0.66,10.2,5,53.24231,15.0
911,8.7,0.63,0.28,2.7,0.096,17.0,0.99734,3.26,0.63,10.2,6,96.49334,52.0
362,10.0,0.59,0.31,2.2,0.09,26.0,0.9994,3.18,0.63,10.2,6,90.1994,36.0
38,7.6,0.51,0.15,2.8,0.11,33.0,0.9955,3.17,0.63,10.2,6,99.16550000000001,40.0
70,8.3,0.61,0.3,2.1,0.084,11.0,0.9972,3.4,0.61,10.2,6,76.60119999999999,39.0
1102,7.0,0.57,0.02,2.0,0.072,17.0,0.99575,3.36,0.61,10.2,5,50.827749999999995,9.0
1091,7.1,0.69,0.08,2.1,0.063,42.0,0.99608,3.42,0.6,10.2,6,77.24908,10.0
335,9.6,0.68,0.24,2.2,0.087,5.0,0.9988,3.14,0.6,10.2,5,55.7458,23.0
751,7.7,0.61,0.18,2.4,0.083,6.0,0.9963,3.29,0.6,10.2,6,46.0593,14.0
140,7.3,0.58,0.3,2.4,0.074,15.0,0.9968,3.46,0.59,10.2,5,80.9008,40.0
1085,6.6,0.7,0.08,2.6,0.106,14.0,0.99665,3.44,0.58,10.2,5,52.30265,13.0
101,6.9,0.49,0.1,2.3,0.074,12.0,0.9959,3.42,0.58,10.2,6,55.0599,18.0
307,8.0,0.67,0.3,2.0,0.06,38.0,0.9958,3.26,0.56,10.2,6,88.0458,24.0
315,8.6,0.53,0.22,2.0,0.1,7.0,0.9967,3.2,0.56,10.2,6,53.4067,20.0
957,8.2,0.44,0.24,2.3,0.063,10.0,0.99613,3.25,0.53,10.2,6,54.21913000000001,18.0
1055,7.1,0.875,0.05,5.7,0.0819999999999999,3.0,0.99808,3.4,0.52,10.2,3,42.92508,11.0
117,6.8,0.64,0.1,2.1,0.085,18.0,0.9956,3.34,0.52,10.2,5,125.7806,83.0
482,8.0,0.45,0.23,2.2,0.094,16.0,0.9962,3.21,0.49,10.2,6,54.8702,13.0
989,8.0,0.52,0.25,2.0,0.078,19.0,0.99612,3.3,0.48,10.2,5,84.82412,40.0
141,11.5,0.3,0.6,2.0,0.067,12.0,0.9981,3.11,0.97,10.1,6,56.6451,15.0
192,11.5,0.18,0.51,4.0,0.104,4.0,0.9996,3.28,0.97,10.1,6,54.6436,19.0
1005,9.9,0.57,0.25,2.0,0.104,12.0,0.9963,3.04,0.9,10.1,5,116.8603,77.0
1021,6.1,0.4,0.16,1.8,0.069,11.0,0.9955,3.42,0.74,10.1,7,48.7845,14.0
338,9.4,0.685,0.11,2.7,0.077,6.0,0.9984,3.19,0.7,10.1,6,58.9604,25.0
1090,7.9,0.29,0.49,2.2,0.096,21.0,0.99714,3.31,0.67,10.1,6,85.05314000000001,38.0
1101,6.5,0.63,0.33,1.8,0.059,16.0,0.99531,3.36,0.64,10.1,6,52.41431,12.0
648,6.8,0.41,0.31,8.8,0.084,26.0,0.99824,3.38,0.64,10.1,6,76.52224000000001,19.0
217,11.1,0.18,0.48,1.5,0.068,7.0,0.9973,3.22,0.64,10.1,6,43.2853,8.0
928,9.7,0.69,0.32,2.5,0.088,22.0,0.9979,3.29,0.62,10.1,5,119.30590000000001,69.0
1057,5.6,0.62,0.03,1.5,0.08,6.0,0.99498,3.66,0.62,10.1,4,36.20498,7.0
699,7.7,0.6,0.06,2.0,0.079,19.0,0.99697,3.39,0.62,10.1,6,66.54597,22.0
810,7.3,0.32,0.23,2.3,0.066,35.0,0.99588,3.43,0.62,10.1,5,95.36188,35.0
403,7.6,0.29,0.49,2.7,0.092,25.0,0.9971,3.31,0.61,10.1,6,86.1891,35.0
210,6.9,0.36,0.25,2.4,0.098,5.0,0.9964,3.41,0.6,10.1,6,41.1144,11.0
58,6.9,0.55,0.15,2.2,0.076,19.0,0.9961,3.41,0.59,10.1,5,64.97210000000001,21.0
506,10.6,1.025,0.43,2.8,0.08,21.0,0.9985,3.06,0.57,10.1,5,113.6635,63.0
497,10.6,1.02,0.43,2.9,0.076,26.0,0.9984,3.08,0.57,10.1,6,117.77439999999999,62.0
564,10.0,0.56,0.24,2.2,0.079,19.0,0.9991,3.18,0.56,10.1,6,85.91810000000001,39.0
967,8.3,0.85,0.14,2.5,0.093,13.0,0.99724,3.36,0.54,10.1,5,80.88024,41.0
1115,7.2,0.695,0.13,2.0,0.076,12.0,0.99546,3.29,0.54,10.1,5,45.02646,8.0
22,6.7,0.675,0.07,2.4,0.089,17.0,0.9958,3.35,0.54,10.1,5,106.91980000000001,65.0
104,7.5,0.6,0.03,1.8,0.095,25.0,0.995,3.35,0.54,10.1,5,124.00999999999999,74.0
53,6.7,0.75,0.12,2.0,0.086,12.0,0.9958,3.38,0.52,10.1,5,104.6518,68.0
963,6.1,0.34,0.25,1.8,0.084,4.0,0.99464,3.36,0.44,10.1,5,51.46864,24.0
962,6.1,0.32,0.25,1.8,0.086,5.0,0.99464,3.36,0.44,10.1,5,55.45064,27.0
150,8.2,0.57,0.26,2.2,0.06,28.0,0.9959,3.3,0.43,10.1,5,91.1159,37.0
966,11.6,0.475,0.4,1.4,0.091,6.0,0.99704,3.07,0.65,10.0333333333333,6,56.716373333333294,22.0
996,7.2,0.33,0.33,1.7,0.061,3.0,0.996,3.23,1.1,10.0,8,37.947,10.0
854,9.9,0.72,0.55,1.7,0.136,24.0,0.99752,3.35,0.94,10.0,5,80.29352,28.0
245,9.6,0.56,0.31,2.8,0.089,15.0,0.9979,3.11,0.92,10.0,6,74.3869,31.0
369,9.8,0.25,0.49,2.7,0.088,15.0,0.9982,3.42,0.9,10.0,6,61.6462,18.0
809,7.0,0.22,0.3,1.8,0.065,16.0,0.99672,3.61,0.82,10.0,6,44.811719999999994,4.0
272,13.7,0.415,0.68,2.9,0.085,17.0,1.0014,3.06,0.8,10.0,6,75.6414,26.0
175,10.8,0.32,0.44,1.6,0.063,16.0,0.9985,3.22,0.78,10.0,6,65.22149999999999,21.0
395,9.5,0.46,0.24,2.7,0.092,14.0,0.998,3.12,0.74,10.0,6,71.85000000000001,30.0
259,12.8,0.615,0.66,5.8,0.083,7.0,1.0022,3.07,0.73,10.0,7,76.7602,35.0
394,9.4,0.43,0.24,2.8,0.092,14.0,0.998,3.19,0.73,10.0,6,72.88000000000001,31.0
218,8.3,0.705,0.12,2.6,0.092,12.0,0.9994,3.51,0.72,10.0,5,55.0464,16.0
1067,6.4,0.31,0.09,1.4,0.066,15.0,0.99459,3.42,0.7,10.0,7,51.38059,13.0
797,10.0,0.43,0.33,2.7,0.095,28.0,0.9984,3.22,0.68,10.0,5,117.45339999999999,61.0
823,9.0,0.785,0.24,1.7,0.078,10.0,0.99692,3.29,0.67,10.0,5,47.759919999999994,11.0
1043,7.3,0.48,0.32,2.1,0.062,31.0,0.99728,3.3,0.65,10.0,7,79.20928,23.0
784,8.3,0.53,1e-12,1.4,0.07,6.0,0.99593,3.25,0.64,10.0,6,39.185930000001,8.0
665,10.1,0.43,0.4,2.6,0.092,13.0,0.99834,3.22,0.64,10.0,7,80.48034,39.0
318,6.8,0.56,0.03,1.7,0.084,18.0,0.9968,3.44,0.63,10.0,6,59.2408,17.0
689,9.5,0.86,0.26,1.9,0.079,13.0,0.99712,3.25,0.62,10.0,5,55.466120000000004,15.0
1040,6.2,0.785,1e-12,2.1,0.06,6.0,0.99664,3.59,0.61,10.0,4,37.341640000001,7.0
82,8.3,0.54,0.28,1.9,0.077,11.0,0.9978,3.39,0.61,10.0,6,66.0948,29.0
159,8.6,0.645,0.25,2.0,0.083,8.0,0.99815,3.28,0.6,10.0,6,54.45615,20.0
434,7.5,0.64,1e-12,2.4,0.077,18.0,0.9965,3.32,0.6,10.0,6,54.533500000001,11.0
40,7.8,0.59,0.18,2.3,0.076,17.0,0.9975,3.43,0.59,10.0,5,79.96350000000001,37.0
711,7.5,0.71,1e-12,1.6,0.092,22.0,0.99635,3.38,0.58,10.0,6,55.858350000001,9.0
186,8.0,0.52,0.03,1.7,0.07,10.0,0.99575,3.34,0.57,10.0,5,60.225750000000005,25.0
509,7.6,0.46,0.11,2.6,0.079,12.0,0.9968,3.21,0.57,10.0,5,74.6258,37.0
149,8.0,0.725,0.24,2.8,0.083,10.0,0.99685,3.35,0.56,10.0,6,88.75485,52.0
257,11.9,0.58,0.66,2.5,0.072,6.0,0.9992,3.05,0.56,10.0,5,67.3212,31.0
113,7.8,0.53,0.04,1.7,0.076,17.0,0.9964,3.33,0.56,10.0,6,56.0324,14.0
378,10.0,0.48,0.24,2.7,0.102,13.0,1.0,3.28,0.56,10.0,6,60.362,19.0
618,7.3,0.35,0.24,2.0,0.067,28.0,0.99576,3.43,0.54,10.0,4,72.92276,20.0
480,8.3,0.78,0.1,2.6,0.081,45.0,0.9983,3.48,0.53,10.0,5,113.8693,42.0
546,8.8,0.7,1e-12,1.7,0.069,8.0,0.99701,3.31,0.53,10.0,6,45.106010000001,11.0
947,7.2,0.835,1e-12,2.0,0.166,4.0,0.99608,3.39,0.52,10.0,5,36.107080000001,7.0
100,5.8,0.68,0.02,1.8,0.087,21.0,0.9944,3.54,0.52,10.0,5,117.4414,73.0
411,9.9,0.5,0.24,2.3,0.103,6.0,0.9978,3.34,0.52,10.0,4,41.900800000000004,8.0
623,8.8,0.61,0.19,4.0,0.094,30.0,0.99787,3.22,0.5,10.0,6,97.41187,39.0
710,7.7,1.005,0.15,2.1,0.102,11.0,0.99604,3.23,0.48,10.0,5,57.763040000000004,21.0
881,7.4,0.74,0.07,1.7,0.086,15.0,0.99502,3.12,0.48,10.0,5,72.59102,33.0
503,7.0,0.78,0.08,2.0,0.093,10.0,0.9956,3.4,0.47,10.0,5,43.818599999999996,9.0
342,10.2,0.67,0.39,1.9,0.054,6.0,0.9976,3.17,0.47,10.0,5,44.8516,11.0
7,7.3,0.65,1e-12,1.2,0.065,15.0,0.9946,3.39,0.47,10.0,7,45.069600000000996,6.0
556,7.2,1.0,1e-12,3.0,0.102,7.0,0.99586,3.43,0.46,10.0,5,42.187860000001,9.0
976,8.2,0.885,0.2,1.4,0.086,7.0,0.9946,3.11,0.46,10.0,5,56.3356,24.0
576,8.6,0.55,0.09,3.3,0.068,8.0,0.99735,3.23,0.44,10.0,5,44.27535,9.0
343,10.2,0.645,0.36,1.8,0.053,5.0,0.9982,3.17,0.42,10.0,6,41.6462,9.0
1074,6.7,0.76,0.02,1.8,0.078,6.0,0.996,3.55,0.63,9.95,3,36.483999999999995,6.0
59,8.6,0.49,0.28,1.9,0.11,20.0,0.9972,2.93,1.95,9.9,6,163.1572,116.0
200,7.7,0.27,0.68,3.5,0.358,5.0,0.9972,3.25,1.08,9.9,7,37.7352,5.0
172,7.3,0.66,1e-12,2.0,0.084,6.0,0.9983,3.61,0.96,9.9,6,48.512300000001,17.0
256,8.6,0.45,0.31,2.6,0.086,21.0,0.9982,3.37,0.91,9.9,6,77.2242,29.0
305,10.4,0.41,0.55,3.2,0.076,22.0,0.9996,3.15,0.89,9.9,6,83.57560000000001,32.0
596,11.6,0.47,0.44,1.6,0.147,36.0,0.99836,3.38,0.86,9.9,4,80.39536,15.0
767,11.6,0.41,0.54,1.5,0.095,22.0,0.99735,3.02,0.76,9.9,7,69.82235,19.0
604,7.4,0.68,0.16,1.8,0.078,12.0,0.9977,3.5,0.7,9.9,6,64.2157,27.0
176,7.1,0.6,1e-12,1.8,0.074,16.0,0.9972,3.47,0.7,9.9,6,58.641200000001,18.0
746,11.6,0.23,0.57,1.8,0.074,3.0,0.9981,3.14,0.7,9.9,6,37.012100000000004,5.0
293,6.8,0.77,1e-12,1.8,0.066,34.0,0.9976,3.62,0.68,9.9,5,76.633600000001,18.0
1094,7.2,0.53,0.13,2.0,0.0579999999999999,18.0,0.99573,3.21,0.68,9.9,6,46.70373,4.0
417,12.0,0.28,0.49,1.9,0.074,10.0,0.9976,2.98,0.66,9.9,7,50.2816,11.0
386,9.3,0.715,0.24,2.1,0.07,5.0,0.9966,3.12,0.59,9.9,5,47.031600000000005,15.0
579,8.4,0.52,0.22,2.7,0.084,4.0,0.99682,3.26,0.57,9.9,6,44.650819999999996,14.0
1109,6.6,0.88,0.04,2.2,0.066,12.0,0.99636,3.53,0.56,9.9,5,44.77236,8.0
92,7.9,1.04,0.05,2.2,0.084,13.0,0.9959,3.22,0.55,9.9,6,54.9399,16.0
1020,7.6,0.43,0.31,2.1,0.069,13.0,0.9958,3.26,0.54,9.9,6,99.2048,61.0
275,6.6,0.735,0.02,7.9,0.122,68.0,0.9994,3.47,0.53,9.9,5,154.2764,56.0
213,10.6,0.83,0.37,2.6,0.086,26.0,0.9981,3.16,0.52,9.9,5,99.0641,44.0
10,5.6,0.615,1e-12,1.6,0.089,16.0,0.9943,3.58,0.52,9.9,5,81.898300000001,43.0
1112,7.8,0.6,0.26,2.0,0.08,31.0,0.99622,3.21,0.52,9.9,5,156.36622,100.0
992,7.3,0.59,0.26,2.0,0.08,17.0,0.99584,3.28,0.52,9.9,5,128.92584,87.0
163,8.0,0.38,0.06,1.8,0.078,12.0,0.99625,3.37,0.52,9.9,6,74.10425000000001,37.0
994,7.9,0.69,0.21,2.1,0.08,33.0,0.9962,3.25,0.51,9.9,5,166.6362,108.0
977,7.2,0.45,0.15,2.0,0.078,10.0,0.99609,3.29,0.51,9.9,6,52.57409,18.0
502,8.4,1.035,0.15,6.0,0.073,11.0,0.999,3.37,0.49,9.9,5,84.417,43.0
980,8.0,0.6,0.22,2.1,0.08,25.0,0.99613,3.3,0.49,9.9,5,130.68613,80.0
479,8.6,0.8,0.11,2.3,0.084,12.0,0.9979,3.4,0.48,9.9,5,57.6719,19.0
1011,7.7,0.64,0.21,2.2,0.077,32.0,0.9956,3.27,0.45,9.9,5,158.4426,101.0
240,12.5,0.28,0.54,2.3,0.0819999999999999,12.0,0.9997,3.11,1.36,9.8,7,59.9717,17.0
436,11.5,0.31,0.51,2.2,0.079,14.0,0.9982,3.03,0.93,9.8,6,57.357200000000006,14.0
812,7.8,0.5,0.12,1.8,0.178,6.0,0.996,3.28,0.87,9.8,6,46.34400000000001,15.0
310,12.6,0.31,0.72,2.2,0.072,6.0,0.9987,2.88,0.82,9.8,8,59.4007,23.0
241,10.9,0.39,0.47,1.8,0.118,6.0,0.9982,3.3,0.75,9.8,6,42.5262,8.0
189,8.1,0.87,1e-12,3.3,0.096,26.0,1.00025,3.6,0.72,9.8,4,88.486250000001,35.0
151,7.8,0.735,0.08,2.4,0.092,10.0,0.9974,3.24,0.71,9.8,6,66.8544,31.0
202,9.9,0.59,0.07,3.4,0.102,32.0,1.00015,3.31,0.71,9.8,5,99.88215,39.0
1,7.8,0.88,1e-12,2.6,0.098,25.0,0.9968,3.2,0.68,9.8,5,93.05480000000101,42.0
254,12.6,0.38,0.66,2.6,0.088,10.0,1.001,3.17,0.68,9.8,6,71.979,31.0
1080,7.1,0.69,0.04,2.1,0.068,19.0,0.99712,3.44,0.67,9.8,5,51.90512,8.0
23,8.3,0.655,0.12,2.3,0.083,15.0,0.9966,3.17,0.66,9.8,5,139.0846,98.0
603,6.4,0.64,0.21,1.8,0.081,14.0,0.99689,3.59,0.66,9.8,5,55.177890000000005,17.0
78,8.4,0.62,0.09,2.2,0.084,11.0,0.9964,3.15,0.66,9.8,5,134.0004,97.0
2,7.8,0.76,0.04,2.3,0.092,15.0,0.997,3.26,0.65,9.8,5,79.699,39.0
659,7.4,0.61,0.01,2.0,0.074,13.0,0.99748,3.48,0.65,9.8,5,63.02148,25.0
561,6.5,0.46,0.14,2.4,0.114,9.0,0.99732,3.66,0.65,9.8,5,61.72132,28.0
590,6.7,0.54,0.13,2.0,0.076,15.0,0.9973,3.61,0.64,9.8,5,60.493300000000005,21.0
731,6.9,0.49,0.19,1.7,0.079,13.0,0.99547,3.38,0.64,9.8,6,50.17447,13.0
1132,6.2,0.46,0.29,2.1,0.074,32.0,0.99578,3.33,0.62,9.8,5,121.86978,66.0
137,6.4,0.37,0.25,1.9,0.074,21.0,0.9974,3.57,0.62,9.8,6,72.9814,28.0
559,7.1,0.52,0.03,2.6,0.076,21.0,0.99745,3.5,0.6,9.8,5,117.22345,71.0
413,8.8,0.47,0.49,2.9,0.085,17.0,0.9982,3.29,0.6,9.8,5,137.4332,93.0
21,7.8,0.645,1e-12,2.0,0.0819999999999999,8.0,0.9964,3.38,0.59,9.8,6,41.293400000001,8.0
562,7.1,0.59,0.01,2.5,0.077,20.0,0.99746,3.55,0.59,9.8,5,110.21446,65.0
883,7.5,0.58,0.14,2.2,0.077,27.0,0.9963,3.28,0.59,9.8,5,85.1633,33.0
331,8.7,0.82,0.02,1.2,0.07,36.0,0.9952,3.2,0.58,9.8,5,73.3852,12.0
884,7.1,0.72,1e-12,1.8,0.123,6.0,0.99627,3.45,0.58,9.8,5,38.569270000001,8.0
932,7.5,0.63,0.27,2.0,0.083,17.0,0.99616,3.26,0.58,9.8,6,116.11916,74.0
631,7.2,0.63,0.03,2.2,0.08,17.0,0.99745,3.53,0.58,9.8,6,113.04745,71.0
892,9.8,0.45,0.38,2.5,0.081,34.0,0.99726,3.15,0.58,9.8,5,93.73826,32.0
3,11.2,0.28,0.56,1.9,0.075,17.0,0.998,3.16,0.58,9.8,6,88.553,43.0
44,7.0,0.735,0.05,2.0,0.081,13.0,0.9966,3.39,0.57,9.8,5,78.6226,41.0
68,7.6,0.9,0.06,2.5,0.079,5.0,0.9967,3.39,0.56,9.8,5,35.8857,5.0
942,7.4,0.6,0.26,2.1,0.083,17.0,0.99616,3.29,0.56,9.8,6,116.08915999999999,74.0
489,9.2,0.92,0.24,2.6,0.087,12.0,0.9998,3.48,0.54,9.8,5,120.8668,81.0
845,7.7,0.57,0.21,1.5,0.069,4.0,0.99458,3.16,0.54,9.8,6,33.543580000000006,5.0
483,8.5,0.46,0.31,2.25,0.078,32.0,0.998,3.33,0.54,9.8,5,84.26599999999999,26.0
927,7.5,0.61,0.26,1.9,0.073,24.0,0.99612,3.3,0.53,9.8,5,112.96912,64.0
817,8.3,0.6,0.25,2.2,0.118,9.0,0.99616,3.15,0.53,9.8,5,63.944160000000004,29.0
508,9.9,0.74,0.28,2.6,0.078,21.0,0.998,3.28,0.51,9.8,5,105.18599999999999,56.0
414,10.6,0.31,0.49,2.2,0.063,18.0,0.9976,3.14,0.51,9.8,6,68.1106,22.0
541,8.1,0.87,1e-12,2.2,0.084,10.0,0.99656,3.25,0.5,9.8,5,56.800560000001,21.0
972,8.0,0.77,0.32,2.1,0.079,16.0,0.99656,3.27,0.5,9.8,6,99.83556,58.0
970,7.3,0.74,0.08,1.7,0.094,10.0,0.99576,3.24,0.5,9.8,5,69.44976,35.0
169,7.7,0.58,0.1,1.8,0.102,28.0,0.99565,3.08,0.49,9.8,6,133.64765,81.0
988,7.1,0.62,0.06,1.3,0.07,5.0,0.9942,3.17,0.48,9.8,5,35.5942,7.0
426,8.5,0.585,0.18,2.1,0.078,5.0,0.9967,3.2,0.48,9.8,6,55.9197,25.0
1010,7.8,0.53,0.01,1.6,0.077,3.0,0.995,3.16,0.46,9.8,5,43.432,16.0
363,10.7,0.4,0.48,2.1,0.125,15.0,0.998,3.03,0.81,9.7,6,77.343,34.0
215,7.2,0.65,0.02,2.3,0.094,5.0,0.9993,3.67,0.8,9.7,5,56.4333,26.0
1079,6.4,0.36,0.21,2.2,0.047,26.0,0.99661,3.47,0.77,9.7,6,72.15361,22.0
1029,6.8,0.67,1e-12,1.9,0.08,22.0,0.99701,3.4,0.74,9.7,5,63.287010000001004,17.0
27,8.1,0.38,0.28,2.1,0.066,13.0,0.9968,3.23,0.73,9.7,7,55.582800000000006,17.0
336,9.3,0.27,0.41,2.0,0.091,6.0,0.998,3.28,0.7,9.7,5,42.748999999999995,10.0
567,7.4,0.37,0.43,2.6,0.0819999999999999,18.0,0.99708,3.33,0.68,9.7,6,107.58908,64.0
1042,6.8,0.59,0.1,1.7,0.063,34.0,0.9958,3.41,0.67,9.7,5,77.0288,19.0
79,10.1,0.31,0.44,2.3,0.08,22.0,0.9988,3.32,0.67,9.7,6,73.9188,24.0
234,13.4,0.27,0.62,2.6,0.0819999999999999,6.0,1.0002,3.16,0.67,9.7,6,52.5022,15.0
14,7.6,0.39,0.31,2.3,0.0819999999999999,23.0,0.9982,3.52,0.65,9.7,5,96.5502,48.0
1088,6.7,0.48,0.08,2.1,0.064,18.0,0.99552,3.33,0.64,9.7,5,58.08951999999999,16.0
17,6.9,0.4,0.14,2.4,0.085,21.0,0.9968,3.43,0.63,9.7,6,64.68180000000001,19.0
229,9.3,0.61,0.26,3.4,0.09,25.0,0.99975,3.24,0.62,9.7,5,115.21974999999999,62.0
905,7.0,0.69,1e-12,1.9,0.114,3.0,0.99636,3.35,0.6,9.7,6,34.350360000001004,7.0
588,7.0,0.685,1e-12,1.9,0.099,9.0,0.99606,3.34,0.6,9.7,5,46.320060000001,13.0
569,7.1,0.61,0.02,2.5,0.081,17.0,0.99745,3.48,0.6,9.7,6,112.08845,70.0
1097,7.0,0.55,0.13,2.2,0.075,15.0,0.9959,3.36,0.59,9.7,6,59.600899999999996,20.0
1066,7.7,0.54,0.26,1.9,0.089,23.0,0.99636,3.26,0.59,9.7,5,172.03536000000003,124.0
628,7.2,0.66,0.03,2.3,0.078,16.0,0.99743,3.53,0.57,9.7,5,111.06543,70.0
435,9.6,0.6,0.5,2.3,0.079,28.0,0.9997,3.5,0.57,9.7,5,98.8487,43.0
544,9.0,0.58,0.25,2.8,0.075,9.0,0.99779,3.23,0.57,9.7,5,131.20279,95.0
420,9.0,0.45,0.49,2.6,0.084,21.0,0.9987,3.35,0.57,9.7,5,102.2427,54.0
472,9.4,0.59,0.14,2.0,0.084,25.0,0.9981,3.14,0.56,9.7,5,74.6121,23.0
1046,7.3,0.98,0.05,2.1,0.061,20.0,0.99705,3.31,0.55,9.7,3,74.04805,29.0
451,8.7,0.84,1e-12,1.4,0.065,24.0,0.9954,3.27,0.55,9.7,5,58.52040000000099,9.0
1060,7.0,0.655,0.16,2.1,0.074,8.0,0.99606,3.37,0.55,9.7,5,49.60506,17.0
138,7.6,0.55,0.21,2.2,0.071,7.0,0.9964,3.28,0.55,9.7,5,53.1574,21.0
501,9.1,0.765,0.04,1.6,0.078,4.0,0.998,3.29,0.54,9.7,4,40.111,10.0
616,7.2,0.635,0.07,2.6,0.077,16.0,0.99748,3.51,0.54,9.7,5,111.32948,70.0
155,7.5,0.49,0.19,1.9,0.076,10.0,0.9957,3.39,0.54,9.7,5,68.7817,34.0
615,7.2,0.62,0.06,2.5,0.078,17.0,0.99746,3.51,0.53,9.7,5,109.19546,67.0
495,9.4,0.615,0.28,3.2,0.087,18.0,1.0001,3.31,0.53,9.7,5,100.1221,54.0
550,7.1,0.59,0.02,2.3,0.0819999999999999,24.0,0.99744,3.55,0.53,9.7,6,118.86944,70.0
133,8.9,0.31,0.57,2.0,0.111,26.0,0.9971,3.26,0.53,9.7,5,111.3781,59.0
726,8.9,0.745,0.18,2.5,0.077,15.0,0.99739,3.2,0.47,9.7,6,74.76939,33.0
1047,10.0,0.69,0.11,1.4,0.084,8.0,0.99578,2.88,0.47,9.7,5,50.32978,16.0
945,8.4,0.39,0.1,1.7,0.075,6.0,0.99581,3.09,0.43,9.7,6,49.88081,19.0
93,8.4,0.745,0.11,1.9,0.09,16.0,0.9965,3.19,0.82,9.6,5,88.8515,47.0
468,7.2,0.52,0.07,1.4,0.074,5.0,0.9973,3.32,0.81,9.6,6,43.991299999999995,15.0
1006,10.0,0.32,0.59,2.2,0.077,3.0,0.9994,3.2,0.78,9.6,5,42.7664,12.0
573,8.7,0.46,0.31,2.5,0.126,24.0,0.99746,3.1,0.74,9.6,5,90.53346,40.0
214,7.1,0.63,0.06,2.0,0.083,8.0,0.99855,3.67,0.73,9.6,5,53.87155,21.0
867,9.0,0.58,0.25,2.0,0.104,8.0,0.99769,3.27,0.72,9.6,5,47.52168999999999,13.0
533,7.2,0.5,0.18,2.1,0.071,12.0,0.99761,3.52,0.72,9.6,6,55.88861,19.0
471,7.2,0.57,0.06,1.6,0.076,9.0,0.9972,3.36,0.7,9.6,6,51.163199999999996,18.0
500,7.5,0.38,0.48,2.6,0.073,22.0,0.9972,3.32,0.7,9.6,4,109.65020000000001,62.0
164,8.5,0.37,0.2,2.8,0.09,18.0,0.998,3.34,0.7,9.6,6,84.59800000000001,40.0
384,9.2,0.59,0.24,3.3,0.1009999999999999,20.0,0.9988,3.26,0.67,9.6,5,74.9598,27.0
520,9.5,0.55,0.66,2.3,0.387,12.0,0.9982,3.17,0.67,9.6,5,64.83520000000001,25.0
578,7.7,0.56,0.08,2.5,0.114,14.0,0.9971,3.24,0.66,9.6,6,71.4511,32.0
1089,6.8,0.47,0.08,2.2,0.064,18.0,0.99553,3.3,0.65,9.6,6,62.159530000000004,20.0
60,7.7,0.49,0.26,1.9,0.062,9.0,0.9966,3.39,0.64,9.6,5,56.0386,22.0
39,10.2,0.42,0.57,3.4,0.07,4.0,0.9971,3.04,0.63,9.6,5,38.927099999999996,6.0
984,7.4,0.64,0.07,1.8,0.1,8.0,0.9961,3.3,0.58,9.6,5,47.4861,15.0
323,9.2,0.63,0.21,2.7,0.0969999999999999,29.0,0.9988,3.28,0.58,9.6,5,92.29580000000001,36.0
284,12.5,0.46,0.49,4.5,0.07,26.0,0.9981,3.05,0.57,9.6,4,81.2381,23.0
111,7.6,0.95,0.03,2.0,0.09,7.0,0.9959,3.2,0.56,9.6,5,45.02589999999999,13.0
126,7.0,0.805,1e-12,2.5,0.068,7.0,0.9969,3.48,0.56,9.6,5,45.009900000001,13.0
25,7.8,0.645,1e-12,5.5,0.086,5.0,0.9986,3.4,0.55,9.6,6,46.579600000001,13.0
551,7.9,0.72,0.01,1.9,0.076,7.0,0.99668,3.39,0.54,9.6,5,57.13268,25.0
587,9.1,0.66,0.15,3.2,0.0969999999999999,9.0,0.99976,3.28,0.54,9.6,5,86.62675999999999,50.0
568,8.8,0.64,0.17,2.9,0.084,25.0,0.99818,3.23,0.54,9.6,5,156.96218,105.0
481,10.8,0.26,0.45,3.3,0.06,20.0,0.9972,3.13,0.54,9.6,5,78.1372,29.0
725,8.1,0.82,1e-12,4.1,0.095,5.0,0.99854,3.36,0.53,9.6,5,41.603540000001,9.0
1028,7.4,0.785,0.19,5.2,0.094,19.0,0.99713,3.16,0.52,9.6,6,125.94613,79.0
946,9.1,0.775,0.22,2.2,0.079,12.0,0.9976,3.18,0.51,9.6,5,74.66159999999999,36.0
461,10.7,0.43,0.39,2.2,0.106,8.0,0.9986,2.89,0.5,9.6,5,59.8146,24.0
764,6.8,0.48,0.08,1.8,0.074,40.0,0.99529,3.12,0.49,9.6,5,87.43929,24.0
522,7.3,0.835,0.03,2.1,0.092,10.0,0.9966,3.39,0.47,9.6,5,43.8136,9.0
876,8.1,0.73,1e-12,2.5,0.081,12.0,0.99798,3.38,0.46,9.6,4,49.848980000001,12.0
839,8.8,0.955,0.05,1.8,0.075,5.0,0.99616,3.3,0.44,9.6,4,45.01616,14.0
510,8.4,0.56,0.04,2.0,0.0819999999999999,10.0,0.9976,3.22,0.44,9.6,5,47.3396,12.0
415,12.3,0.5,0.49,2.2,0.089,5.0,1.0002,3.19,0.44,9.6,5,43.809200000000004,9.0
545,9.3,0.655,0.26,2.0,0.096,5.0,0.99738,3.25,0.42,9.6,5,61.57838,30.0
990,8.6,0.685,0.1,1.6,0.092,3.0,0.99745,3.31,0.65,9.55,6,37.584450000000004,9.0
991,8.7,0.675,0.1,1.6,0.09,4.0,0.99745,3.31,0.65,9.55,5,36.67245,7.0
514,7.1,0.31,0.3,2.2,0.053,36.0,0.9965,2.94,1.62,9.5,5,152.0195,91.0
161,8.9,0.59,0.5,2.0,0.337,27.0,0.9964,3.04,1.61,9.5,6,108.4734,54.0
61,9.3,0.39,0.44,2.1,0.107,34.0,0.9978,3.14,1.22,9.5,5,152.1948,91.0
77,7.8,0.56,0.19,1.8,0.104,12.0,0.9964,3.19,0.93,9.5,5,72.0704,35.0
555,7.9,0.4,0.29,1.8,0.157,1.0,0.9973,3.3,0.92,9.5,6,69.2643,43.0
15,7.9,0.43,0.21,1.6,0.106,10.0,0.9966,3.17,0.91,9.5,5,61.82260000000001,27.0
1139,6.8,0.62,0.08,1.9,0.068,28.0,0.99651,3.42,0.82,9.5,6,62.204510000000006,10.0
211,13.3,0.34,0.52,3.2,0.094,17.0,1.0014,3.05,0.81,9.5,6,84.8154,36.0
390,7.5,0.55,0.24,2.0,0.078,10.0,0.9983,3.45,0.78,9.5,6,53.0963,18.0
123,6.9,0.5,0.04,1.5,0.085,19.0,0.9958,3.35,0.78,9.5,5,72.6508,30.0
531,7.3,0.51,0.18,2.1,0.07,12.0,0.99768,3.52,0.73,9.5,6,52.90768,16.0
360,11.2,0.67,0.55,2.3,0.084,6.0,1.0,3.17,0.71,9.5,6,42.184,7.0
860,7.9,0.57,0.31,2.0,0.079,10.0,0.99677,3.29,0.69,9.5,6,104.33577,69.0
679,6.6,0.57,0.02,2.1,0.115,6.0,0.99654,3.38,0.69,9.5,5,39.971540000000005,10.0
517,6.4,0.57,0.02,1.8,0.067,4.0,0.997,3.46,0.68,9.5,5,34.494,7.0
494,7.0,0.65,0.02,2.1,0.066,8.0,0.9972,3.47,0.67,9.5,6,49.4732,17.0
806,7.3,0.4,0.3,1.7,0.08,33.0,0.9969,3.41,0.65,9.5,6,103.33689999999999,46.0
805,8.2,0.51,0.24,2.0,0.079,16.0,0.99764,3.34,0.64,9.5,6,111.50664,70.0
212,10.8,0.5,0.46,2.5,0.073,5.0,1.0001,3.05,0.64,9.5,5,55.5231,22.0
371,9.2,0.43,0.49,2.4,0.086,23.0,0.9976,3.23,0.64,9.5,5,142.9736,93.0
869,7.6,0.43,0.29,2.1,0.075,19.0,0.99718,3.4,0.64,9.5,5,91.03218,47.0
224,9.0,0.46,0.31,2.8,0.093,19.0,0.99815,3.32,0.63,9.5,6,125.11115000000001,79.0
222,10.3,0.43,0.44,2.4,0.214,5.0,0.9994,3.19,0.63,9.5,6,40.1034,7.0
447,10.4,0.28,0.54,2.7,0.105,5.0,0.9988,3.25,0.63,9.5,5,47.4038,14.0
116,7.8,0.63,0.48,1.7,0.1,14.0,0.9961,3.19,0.62,9.5,5,121.0161,82.0
879,8.3,0.56,0.22,2.4,0.0819999999999999,10.0,0.9983,3.37,0.62,9.5,5,112.05030000000001,76.0
285,9.0,0.43,0.34,2.5,0.08,26.0,0.9987,3.38,0.62,9.5,6,112.84870000000001,60.0
221,10.3,0.41,0.42,2.4,0.213,6.0,0.9994,3.19,0.62,9.5,6,42.052400000000006,8.0
829,7.6,0.36,0.31,1.7,0.079,26.0,0.99716,3.46,0.62,9.5,6,89.62616,39.0
507,8.9,0.565,0.34,3.0,0.093,16.0,0.9998,3.38,0.61,9.5,5,139.3878,96.0
288,8.8,0.52,0.34,2.7,0.087,24.0,0.9982,3.26,0.61,9.5,5,148.8152,98.0
158,6.8,0.61,0.04,1.5,0.057,5.0,0.99525,3.42,0.6,9.5,5,33.52225,5.0
473,8.3,0.49,0.36,1.8,0.222,6.0,0.998,3.18,0.6,9.5,6,41.45,10.0
523,7.0,0.45,0.34,2.7,0.0819999999999999,16.0,0.998,3.55,0.6,9.5,5,97.22,56.0
412,8.8,0.44,0.49,2.8,0.083,18.0,0.9982,3.3,0.6,9.5,5,138.0112,93.0
844,6.2,0.43,0.22,1.8,0.078,21.0,0.99633,3.52,0.6,9.5,6,79.34433000000001,35.0
178,7.7,0.775,0.42,1.9,0.092,8.0,0.9959,3.23,0.59,9.5,5,111.2029,78.0
843,7.0,0.745,0.12,1.8,0.114,15.0,0.99588,3.22,0.59,9.5,6,88.08488,49.0
127,8.8,0.61,0.14,2.4,0.067,10.0,0.9969,3.19,0.59,9.5,5,68.29390000000001,32.0
19,7.6,0.41,0.24,1.8,0.08,4.0,0.9962,3.28,0.59,9.5,5,35.4962,7.0
660,7.6,0.4,0.29,1.9,0.078,29.0,0.9971,3.45,0.59,9.5,6,90.80510000000001,37.0
762,7.2,0.38,0.3,1.8,0.073,31.0,0.99685,3.42,0.59,9.5,6,94.25985,39.0
885,7.9,0.66,1e-12,1.4,0.096,6.0,0.99569,3.43,0.58,9.5,5,37.56169000000099,7.0
847,7.9,0.58,0.23,2.3,0.076,23.0,0.99686,3.21,0.58,9.5,6,119.37286,71.0
450,7.9,0.35,0.21,1.9,0.073,46.0,0.9964,3.27,0.58,9.5,5,126.77940000000001,56.0
8,7.8,0.58,0.02,2.0,0.073,9.0,0.9968,3.36,0.57,9.5,7,42.8998,9.0
529,9.2,0.53,0.24,2.6,0.078,28.0,0.99788,3.21,0.57,9.5,5,165.92588,111.0
1111,6.9,0.63,0.33,6.7,0.235,66.0,0.99787,3.22,0.56,9.5,5,144.07287000000002,49.0
393,6.8,0.51,0.01,2.1,0.074,9.0,0.9958,3.33,0.56,9.5,6,48.8798,16.0
547,9.1,0.68,0.11,2.8,0.093,11.0,0.99888,3.31,0.55,9.5,6,71.14188,33.0
535,8.3,0.65,0.1,2.9,0.089,17.0,0.99803,3.29,0.55,9.5,5,66.37702999999999,23.0
440,10.0,0.58,0.22,1.9,0.08,9.0,0.9974,3.13,0.55,9.5,5,58.9574,23.0
135,7.9,0.5,0.33,2.0,0.084,15.0,0.9968,3.2,0.55,9.5,5,168.0608,128.0
606,9.3,0.43,0.44,1.9,0.085,9.0,0.99708,3.28,0.55,9.5,5,48.48208,13.0
897,6.9,0.41,0.31,2.0,0.079,21.0,0.99668,3.47,0.55,9.5,6,75.21567999999999,30.0
903,8.0,0.715,0.22,2.3,0.075,13.0,0.99688,3.24,0.54,9.5,6,106.58688000000001,68.0
548,9.2,0.67,0.1,3.0,0.091,12.0,0.99888,3.31,0.54,9.5,6,75.40988,36.0
511,7.1,0.66,1e-12,3.9,0.086,17.0,0.9976,3.46,0.54,9.5,5,71.243600000001,28.0
613,7.2,0.62,0.06,2.7,0.077,15.0,0.99746,3.51,0.54,9.5,5,110.20446,70.0
63,7.9,0.52,0.26,1.9,0.079,42.0,0.9964,3.23,0.54,9.5,5,164.9254,98.0
476,8.2,0.73,0.21,1.7,0.074,5.0,0.9968,3.2,0.52,9.5,5,38.130799999999994,8.0
173,7.1,0.68,0.07,1.9,0.075,16.0,0.99685,3.38,0.52,9.5,5,75.22184999999999,35.0
1124,7.3,0.69,0.32,2.2,0.069,35.0,0.99632,3.33,0.51,9.5,5,128.91532,69.0
530,11.1,0.39,0.54,2.7,0.095,21.0,1.0001,3.13,0.51,9.5,5,129.9651,80.0
273,9.5,0.37,0.52,2.0,0.0819999999999999,6.0,0.998,3.18,0.51,9.5,5,52.660000000000004,20.0
525,7.7,0.965,0.1,2.1,0.1119999999999999,11.0,0.9963,3.26,0.5,9.5,5,47.2333,11.0
982,7.1,0.755,0.15,1.8,0.107,20.0,0.99593,3.19,0.5,9.5,5,108.09792999999999,64.0
965,7.4,0.64,0.17,5.4,0.168,52.0,0.99736,3.28,0.5,9.5,5,126.05536000000001,46.0
563,9.9,0.35,0.41,2.3,0.083,11.0,0.9982,3.21,0.5,9.5,5,88.2512,50.0
782,8.1,0.78,0.1,3.3,0.09,4.0,0.99855,3.36,0.49,9.5,5,39.71854999999999,9.0
304,12.3,0.39,0.63,2.3,0.091,6.0,1.0004,3.16,0.49,9.5,5,47.861399999999996,12.0
49,7.7,0.69,0.22,1.9,0.084,18.0,0.9961,3.31,0.48,9.5,5,118.8801,76.0
86,7.8,0.5,0.17,1.6,0.0819999999999999,21.0,0.996,3.39,0.48,9.5,5,126.518,81.0
124,7.3,0.38,0.21,2.0,0.08,7.0,0.9961,3.33,0.47,9.5,5,59.266099999999994,28.0
464,8.6,0.47,0.47,2.4,0.074,7.0,0.9979,3.08,0.46,9.5,5,55.0519,22.0
919,6.6,0.63,1e-12,4.3,0.093,51.0,0.99558,3.2,0.45,9.5,5,103.268580000001,26.5
949,6.0,0.5,1e-12,1.4,0.057,15.0,0.99448,3.36,0.45,9.5,5,48.261480000001,11.0
959,7.2,0.655,0.03,1.8,0.078,7.0,0.99587,3.34,0.39,9.5,5,35.98887,5.0
103,9.2,0.52,1.0,3.4,0.61,32.0,0.9996,2.74,2.0,9.4,4,98.86959999999999,37.0
182,7.7,0.41,0.76,1.8,0.611,8.0,0.9968,3.06,1.26,9.4,5,70.9978,37.0
341,10.6,0.36,0.6,2.2,0.152,7.0,0.9986,3.04,1.06,9.4,5,46.410599999999995,11.0
488,8.1,0.38,0.48,1.8,0.157,5.0,0.9976,3.3,1.05,9.4,5,42.6646,12.0
191,6.9,0.54,0.04,3.0,0.077,7.0,0.9987,3.69,0.91,9.4,6,52.5557,20.0
1007,6.2,0.58,1e-12,1.6,0.065,8.0,0.9966,3.56,0.84,9.4,5,41.241600000001,10.0
246,9.1,0.795,1e-12,2.6,0.096,11.0,0.9994,3.35,0.83,9.4,6,53.170400000001,15.0
268,8.3,0.26,0.42,2.0,0.08,11.0,0.9974,3.21,0.8,9.4,6,52.467400000000005,16.0
255,8.2,0.7,0.23,2.0,0.099,14.0,0.9973,3.19,0.7,9.4,5,106.5163,67.0
499,7.0,0.64,0.02,2.1,0.067,9.0,0.997,3.47,0.67,9.4,6,47.364,14.0
147,7.8,0.44,0.28,2.7,0.1,18.0,0.9966,3.22,0.67,9.4,5,120.6066,77.0
90,8.0,0.745,0.56,2.0,0.118,30.0,0.9968,3.24,0.66,9.4,5,159.7198,104.0
874,7.8,0.55,1e-12,1.7,0.07,7.0,0.99659,3.26,0.64,9.4,6,41.416590000001,10.0
36,6.6,0.5,0.04,2.1,0.068,6.0,0.9955,3.39,0.64,9.4,6,37.7335,8.0
35,6.6,0.52,0.04,2.2,0.069,8.0,0.9956,3.4,0.63,9.4,6,38.8546,7.0
602,7.1,0.685,0.35,2.0,0.088,9.0,0.9963,3.28,0.62,9.4,5,116.5193,83.0
99,8.1,0.67,0.55,1.8,0.1169999999999999,32.0,0.9968,3.17,0.62,9.4,5,166.4238,109.0
439,8.2,0.56,0.23,3.4,0.078,14.0,0.9976,3.28,0.62,9.4,5,130.7656,90.0
455,9.9,0.54,0.45,2.3,0.071,16.0,0.9991,3.39,0.62,9.4,5,67.67009999999999,24.0
136,8.2,0.5,0.35,2.9,0.077,21.0,0.9976,3.23,0.62,9.4,5,153.2746,106.0
491,9.0,0.48,0.32,2.8,0.084,21.0,0.9984,3.32,0.62,9.4,5,149.0224,101.0
465,9.7,0.55,0.17,2.9,0.087,20.0,1.0004,3.14,0.61,9.4,5,80.5574,33.0
438,8.3,0.54,0.24,3.4,0.076,16.0,0.9976,3.27,0.61,9.4,5,138.8336,96.0
536,7.6,0.54,0.13,2.5,0.0969999999999999,24.0,0.99785,3.39,0.61,9.4,5,91.26485,42.0
492,9.0,0.47,0.31,2.7,0.084,24.0,0.9984,3.31,0.61,9.4,5,151.8824,101.0
185,7.0,0.975,0.04,2.0,0.087,12.0,0.99565,3.35,0.6,9.4,4,91.44765000000001,55.0
1107,7.3,0.735,1e-12,2.2,0.08,18.0,0.99765,3.41,0.6,9.4,5,52.722650000000996,10.0
560,7.0,0.57,1e-12,2.0,0.19,12.0,0.99676,3.31,0.6,9.4,6,69.066760000001,33.0
156,7.8,0.34,0.37,2.0,0.0819999999999999,24.0,0.9964,3.34,0.59,9.4,6,82.91839999999999,34.0
1013,7.5,0.4,0.18,1.6,0.079,24.0,0.9965,3.34,0.58,9.4,5,82.0755,34.0
97,6.3,0.39,0.08,1.7,0.066,3.0,0.9954,3.34,0.58,9.4,5,42.8514,17.0
373,9.9,0.63,0.24,2.4,0.077,6.0,0.9974,3.09,0.57,9.4,5,60.3044,27.0
157,7.4,0.53,0.26,2.0,0.1009999999999999,16.0,0.9957,3.15,0.57,9.4,5,96.4067,56.0
0,7.4,0.7,1e-12,1.9,0.076,11.0,0.9978,3.51,0.56,9.4,5,58.543800000001006,23.0
5,7.4,0.66,1e-12,1.8,0.075,13.0,0.9978,3.51,0.56,9.4,5,64.40280000000101,27.0
37,8.6,0.38,0.36,3.0,0.081,30.0,0.997,3.2,0.56,9.4,5,145.578,89.0
277,8.7,0.765,0.22,2.3,0.064,9.0,0.9963,3.1,0.55,9.4,5,68.09530000000001,33.0
851,9.9,0.74,0.19,5.8,0.111,33.0,0.99878,3.14,0.55,9.4,5,106.82978,43.0
20,7.1,0.71,1e-12,1.9,0.08,14.0,0.9972,3.47,0.55,9.4,5,59.207200000001,21.0
553,9.4,0.685,0.26,2.4,0.0819999999999999,23.0,0.9978,3.28,0.55,9.4,5,170.0548,120.0
554,9.5,0.57,0.27,2.3,0.0819999999999999,23.0,0.99782,3.27,0.55,9.4,5,170.93982,121.0
370,9.3,0.4,0.49,2.5,0.085,38.0,0.9978,3.22,0.55,9.4,5,168.9428,104.0
1105,7.1,0.67,1e-12,2.3,0.083,18.0,0.99768,3.44,0.54,9.4,5,51.530680000001,9.0
549,8.8,0.59,0.18,2.9,0.089,12.0,0.99738,3.14,0.54,9.4,5,100.63638,62.0
223,7.9,0.53,0.24,2.0,0.072,15.0,0.996,3.27,0.54,9.4,6,129.94799999999998,90.0
41,7.3,0.39,0.31,2.4,0.074,9.0,0.9962,3.41,0.54,9.4,6,70.8202,37.0
433,13.2,0.38,0.55,2.7,0.081,5.0,1.0006,2.98,0.54,9.4,5,46.8316,11.0
453,9.5,0.885,0.27,2.3,0.084,31.0,0.9978,3.24,0.53,9.4,5,172.2068,114.0
452,9.6,0.88,0.28,2.4,0.086,30.0,0.9979,3.24,0.53,9.4,5,174.4139,117.0
1071,7.8,0.82,0.29,4.3,0.083,21.0,0.99642,3.16,0.53,9.4,5,91.37942000000001,43.0
16,8.5,0.49,0.11,2.3,0.084,9.0,0.9968,3.17,0.53,9.4,5,92.5808,58.0
225,8.6,0.47,0.3,3.0,0.076,30.0,0.9976,3.3,0.53,9.4,5,161.6736,105.0
220,7.6,0.62,0.32,2.2,0.0819999999999999,7.0,0.9966,3.36,0.52,9.4,5,79.0986,47.0
775,8.6,0.52,0.38,1.5,0.096,5.0,0.99666,3.2,0.52,9.4,5,43.21266,13.0
685,7.2,0.41,0.3,2.1,0.083,35.0,0.997,3.44,0.52,9.4,5,96.45,37.0
865,9.2,0.46,0.23,2.6,0.091,18.0,0.99922,3.15,0.51,9.4,5,103.64022,59.0
693,7.1,0.36,0.3,1.6,0.08,35.0,0.99693,3.44,0.5,9.4,5,93.77693,35.0
114,7.4,0.6,0.26,7.3,0.07,36.0,0.9982,3.37,0.49,9.4,5,150.88819999999998,85.0
115,7.3,0.59,0.26,7.2,0.07,35.0,0.9981,3.37,0.49,9.4,5,150.6781,86.0
694,7.7,0.39,0.12,1.7,0.0969999999999999,19.0,0.99596,3.16,0.49,9.4,5,51.05296,8.0
485,9.8,0.98,0.32,2.3,0.078,35.0,0.998,3.25,0.48,9.4,5,179.606,117.0
73,7.2,0.49,0.24,2.2,0.07,5.0,0.996,3.33,0.48,9.4,5,60.406000000000006,31.0
697,7.1,0.34,0.28,2.0,0.0819999999999999,31.0,0.99694,3.45,0.48,9.4,5,92.12894,37.0
487,7.7,0.66,0.04,1.6,0.039,4.0,0.9962,3.4,0.47,9.4,5,33.3052,5.0
6,7.9,0.6,0.06,1.6,0.069,15.0,0.9964,3.3,0.46,9.4,5,83.3854,44.0
75,7.8,0.41,0.68,1.7,0.467,18.0,0.9973,3.08,1.31,9.3,5,94.7443,51.0
890,8.6,0.635,0.68,1.8,0.4029999999999999,19.0,0.99632,3.02,1.15,9.3,5,82.58432,37.0
366,8.5,0.655,0.49,6.1,0.122,34.0,1.001,3.31,1.14,9.3,5,181.618,117.0
167,8.9,0.635,0.37,1.7,0.263,5.0,0.9971,3.0,1.09,9.3,5,88.2551,57.0
289,8.6,0.725,0.24,6.6,0.1169999999999999,31.0,1.0014,3.32,1.07,9.3,5,164.9734,103.0
129,8.9,0.61,0.49,2.0,0.27,23.0,0.9972,3.12,1.02,9.3,5,136.7072,87.0
199,11.4,0.26,0.44,3.6,0.071,6.0,0.9986,3.12,0.82,9.3,6,49.009600000000006,13.0
437,11.3,0.37,0.41,2.3,0.088,6.0,0.9988,3.09,0.8,9.3,5,44.6568,10.0
76,6.2,0.63,0.31,1.7,0.088,15.0,0.9969,3.46,0.79,9.3,5,87.47489999999999,49.0
247,7.7,0.665,1e-12,2.4,0.09,8.0,0.9974,3.27,0.73,9.3,5,44.152400000000995,11.0
43,7.7,0.69,0.49,1.8,0.115,20.0,0.9968,3.21,0.71,9.3,5,137.0118,92.0
627,10.7,0.9,0.34,6.6,0.1119999999999999,23.0,1.00289,3.22,0.68,9.3,5,131.85489,76.0
478,10.8,0.4,0.41,2.2,0.084,7.0,0.9984,3.08,0.67,9.3,6,44.942400000000006,10.0
187,7.9,0.37,0.23,1.8,0.077,23.0,0.9963,3.28,0.67,9.3,5,73.6233,26.0
526,8.2,0.59,1e-12,2.5,0.093,19.0,1.0002,3.5,0.65,9.3,6,83.833200000001,39.0
629,10.1,0.45,0.23,1.9,0.0819999999999999,10.0,0.99774,3.22,0.65,9.3,6,44.929739999999995,8.0
184,7.9,0.33,0.23,1.7,0.077,18.0,0.99625,3.29,0.65,9.3,5,69.47325000000001,27.0
286,7.1,0.735,0.16,1.9,0.1,15.0,0.9966,3.27,0.64,9.3,5,101.2016,62.0
524,7.7,0.56,0.2,2.0,0.075,9.0,0.9987,3.48,0.62,9.3,5,63.9337,30.0
678,7.1,0.56,0.14,1.6,0.078,7.0,0.99592,3.27,0.62,9.3,5,41.663920000000005,11.0
445,7.6,0.685,0.23,2.3,0.111,20.0,0.9964,3.21,0.61,9.3,5,109.0424,64.0
326,8.3,0.615,0.22,2.6,0.087,6.0,0.9982,3.26,0.61,9.3,5,44.9902,13.0
527,9.0,0.69,1e-12,2.4,0.088,19.0,0.999,3.35,0.6,9.3,5,64.427000000001,19.0
836,6.8,0.66,0.07,1.6,0.07,16.0,0.99572,3.29,0.6,9.3,5,84.38572,45.0
309,7.0,0.62,0.18,1.5,0.062,7.0,0.9951,3.08,0.6,9.3,5,73.3371,43.0
444,8.7,0.54,0.26,2.5,0.0969999999999999,7.0,0.9976,3.27,0.6,9.3,6,57.2646,24.0
300,9.1,0.52,0.33,1.3,0.07,9.0,0.9978,3.24,0.6,9.3,5,55.457800000000006,21.0
425,12.4,0.4,0.51,2.0,0.059,6.0,0.9994,3.04,0.6,9.3,6,53.308400000000006,18.0
418,7.3,0.73,0.24,1.9,0.108,18.0,0.9967,3.26,0.59,9.3,5,126.4247,84.0
132,6.7,0.62,0.21,1.9,0.079,8.0,0.997,3.52,0.58,9.3,6,85.906,54.0
131,6.8,0.61,0.2,1.8,0.077,11.0,0.9971,3.54,0.58,9.3,5,88.9041,54.0
110,6.8,0.6,0.18,1.9,0.079,18.0,0.9968,3.59,0.57,9.3,6,110.0158,68.0
424,8.9,0.595,0.41,7.9,0.086,30.0,0.9998,3.27,0.57,9.3,5,141.0308,79.0
179,8.0,0.57,0.23,3.2,0.073,17.0,0.99675,3.26,0.57,9.3,5,145.19975,102.0
18,6.3,0.39,0.16,1.4,0.08,11.0,0.9955,3.34,0.56,9.3,5,45.525499999999994,12.0
427,7.7,0.835,1e-12,2.6,0.081,6.0,0.9975,3.3,0.52,9.3,5,39.333500000000996,8.0
130,7.2,0.73,0.02,2.5,0.076,16.0,0.9972,3.44,0.52,9.3,5,66.7832,26.0
566,8.6,0.63,0.17,2.9,0.099,21.0,0.998,3.09,0.52,9.3,5,145.30700000000002,98.0
941,6.5,0.52,0.11,1.8,0.073,13.0,0.9955,3.34,0.52,9.3,5,61.158500000000004,25.0
29,8.8,0.61,0.3,2.8,0.088,17.0,0.9976,3.26,0.51,9.3,4,72.6656,29.0
109,7.1,0.68,1e-12,2.2,0.073,12.0,0.9969,3.48,0.5,9.3,5,46.329900000001004,10.0
901,7.5,0.58,0.2,2.0,0.073,34.0,0.99494,3.1,0.43,9.3,5,68.17794,10.0
878,7.5,0.61,0.2,1.7,0.076,36.0,0.99494,3.1,0.4,9.3,5,83.88094,24.0
1082,6.9,0.84,0.21,4.1,0.074,16.0,0.99842,3.53,0.72,9.25,6,91.62242,49.0
1081,6.9,0.84,0.21,4.1,0.074,16.0,0.99842,3.53,0.72,9.23333333333333,6,91.60575333333333,49.0
738,8.5,0.46,0.59,1.4,0.414,16.0,0.99702,3.03,1.34,9.2,5,70.93102,29.0
973,8.7,0.78,0.51,1.7,0.415,12.0,0.99623,3.0,1.17,9.2,5,92.47122999999999,54.0
112,7.6,0.68,0.02,1.3,0.072,9.0,0.9965,3.17,1.08,9.2,4,44.1185,11.0
13,7.9,0.32,0.51,1.8,0.341,17.0,0.9969,3.04,1.08,9.2,6,81.1879,39.0
207,11.6,0.42,0.53,3.3,0.105,33.0,1.001,3.2,0.95,9.2,5,128.30599999999998,65.0
581,7.4,0.53,0.12,1.9,0.165,4.0,0.99702,3.26,0.86,9.2,5,36.432019999999994,8.0
170,15.0,0.21,0.44,2.2,0.075,10.0,1.00005,3.07,0.84,9.2,7,56.03505,14.0
34,8.8,0.66,0.26,1.7,0.074,4.0,0.9971,3.15,0.74,9.2,5,48.58109999999999,19.0
269,7.7,0.51,0.28,2.1,0.087,23.0,0.998,3.42,0.74,9.2,5,79.035,31.0
270,7.8,0.46,0.26,1.9,0.088,23.0,0.9981,3.43,0.74,9.2,6,77.8761,30.0
33,7.7,0.935,0.43,2.2,0.114,22.0,0.997,3.25,0.73,9.2,5,139.55599999999998,92.0
327,11.5,0.315,0.54,2.1,0.084,5.0,0.9987,2.98,0.7,9.2,6,43.417699999999996,10.0
230,10.0,0.49,0.2,11.0,0.071,13.0,1.0015,3.16,0.69,9.2,6,85.8125,37.0
181,6.6,0.695,1e-12,2.1,0.075,12.0,0.9968,3.49,0.67,9.2,5,79.826800000001,44.0
474,11.3,0.34,0.45,2.0,0.0819999999999999,6.0,0.9988,2.94,0.66,9.2,6,42.9708,9.0
339,10.6,0.28,0.39,15.5,0.069,6.0,1.0026,3.12,0.66,9.2,5,63.82159999999999,17.0
94,7.2,0.415,0.36,2.0,0.081,13.0,0.9972,3.48,0.64,9.2,5,69.3732,32.0
42,8.8,0.4,0.4,2.2,0.079,19.0,0.998,3.44,0.64,9.2,5,78.157,33.0
330,11.4,0.36,0.69,2.1,0.09,6.0,1.0,3.17,0.62,9.2,6,49.63,15.0
180,9.4,0.34,0.37,2.2,0.075,5.0,0.998,3.22,0.62,9.2,5,39.423,8.0
929,7.0,0.62,0.1,1.4,0.071,27.0,0.996,3.28,0.61,9.2,5,86.277,36.0
402,9.0,0.54,0.49,2.9,0.094,41.0,0.9982,3.08,0.61,9.2,5,136.91219999999998,69.0
121,8.0,0.42,0.17,2.0,0.073,6.0,0.9972,3.29,0.61,9.2,6,42.7602,12.0
656,8.4,0.67,0.19,2.2,0.093,11.0,0.99736,3.2,0.59,9.2,4,100.54035999999999,64.0
1120,7.0,0.56,0.13,1.6,0.077,25.0,0.99629,3.34,0.59,9.2,5,65.49329000000002,17.0
756,7.5,0.77,0.2,8.1,0.098,30.0,0.99892,3.2,0.58,9.2,5,122.64692,62.0
303,7.8,0.55,0.35,2.2,0.074,21.0,0.9974,3.25,0.56,9.2,5,90.9814,45.0
55,6.2,0.45,0.2,1.6,0.069,3.0,0.9958,3.41,0.56,9.2,5,37.684799999999996,12.0
144,7.0,0.43,0.36,1.6,0.089,14.0,0.99615,3.34,0.56,9.2,6,60.575149999999994,23.0
134,7.4,0.39,0.48,2.0,0.0819999999999999,14.0,0.9972,3.34,0.55,9.2,5,91.4392,53.0
24,5.2,0.32,0.25,1.8,0.103,13.0,0.9957,3.38,0.55,9.2,5,71.7987,37.0
9,6.7,0.58,0.08,1.8,0.0969999999999999,15.0,0.9959,3.28,0.54,9.2,5,88.27289999999999,50.0
432,8.8,0.24,0.54,2.5,0.083,25.0,0.9983,3.39,0.54,9.2,5,83.2913,32.0
50,8.3,0.675,0.26,2.1,0.084,11.0,0.9976,3.31,0.53,9.2,4,68.4566,32.0
513,8.9,0.48,0.24,2.85,0.094,35.0,0.9982,3.1,0.53,9.2,5,132.3922,71.0
85,7.3,0.695,1e-12,2.5,0.075,3.0,0.998,3.49,0.52,9.2,5,37.778000000001,10.0
219,8.4,0.65,0.6,2.1,0.1119999999999999,12.0,0.9973,3.2,0.52,9.2,5,115.7793,78.0
543,8.8,0.42,0.21,2.5,0.092,33.0,0.99823,3.19,0.52,9.2,5,113.93023000000001,55.0
72,8.1,0.575,0.22,2.1,0.077,12.0,0.9967,3.29,0.51,9.2,5,90.0687,53.0
681,8.5,0.66,0.2,2.1,0.0969999999999999,23.0,0.99733,3.13,0.48,9.2,5,138.36433,90.0
866,7.5,0.58,0.03,4.1,0.08,27.0,0.99592,3.02,0.47,9.2,5,71.97592,19.0
944,7.8,0.87,0.26,3.8,0.107,31.0,0.99668,3.26,0.46,9.2,5,93.75368,36.0
926,7.6,0.79,0.21,2.3,0.087,21.0,0.9955,3.12,0.44,9.2,5,92.74249999999999,47.0
983,8.0,0.81,0.25,3.4,0.076,34.0,0.99668,3.19,0.42,9.2,5,111.34268,51.0
887,7.5,0.59,0.22,1.8,0.0819999999999999,43.0,0.99499,3.1,0.42,9.2,5,83.90699000000001,17.0
11,7.8,0.61,0.29,1.6,0.114,9.0,0.9974,3.26,1.56,9.1,5,54.331399999999995,20.0
934,9.1,0.76,0.68,1.7,0.414,18.0,0.99652,2.9,1.33,9.1,6,90.98052,46.0
54,8.3,0.625,0.2,1.5,0.08,27.0,0.9972,3.16,1.12,9.1,4,144.0822,92.0
538,7.8,0.48,0.68,1.7,0.415,14.0,0.99656,3.09,1.06,9.1,6,57.32155999999999,18.0
741,8.2,0.64,0.27,2.0,0.095,5.0,0.99747,3.13,0.62,9.1,6,102.05247,72.0
428,8.3,0.58,0.13,2.9,0.096,14.0,0.9984,3.17,0.62,9.1,6,88.89439999999999,49.0
281,7.7,0.69,0.05,2.7,0.075,15.0,0.9974,3.26,0.61,9.1,5,52.1824,12.0
389,9.1,0.47,0.49,2.6,0.094,38.0,0.9982,3.08,0.59,9.1,5,132.5222,68.0
804,7.5,0.41,0.15,3.7,0.104,29.0,0.99786,3.14,0.58,9.1,5,119.68186,65.0
56,7.4,0.5,0.47,2.0,0.086,21.0,0.997,3.36,0.57,9.1,5,97.483,52.0
743,7.6,0.42,0.25,3.9,0.104,28.0,0.99784,3.15,0.57,9.1,5,116.09183999999999,62.0
154,8.1,0.725,0.22,2.2,0.072,11.0,0.9967,3.36,0.55,9.1,5,66.3237,30.0
686,8.4,0.59,0.29,2.6,0.109,31.0,0.99801,3.15,0.5,9.1,5,144.73701,88.0
442,8.8,0.6,0.29,2.2,0.098,5.0,0.9988,3.36,0.49,9.1,5,40.9368,10.0
700,8.9,0.84,0.34,1.4,0.05,4.0,0.99554,3.12,0.48,9.1,6,35.22554,6.0
120,7.9,0.885,0.03,1.8,0.0579999999999999,4.0,0.9972,3.36,0.33,9.1,4,32.4602,4.0
490,8.6,0.49,0.51,2.0,0.422,16.0,0.9979,3.03,1.17,9.0,5,88.2199,46.0
1022,10.2,0.54,0.37,15.4,0.214,55.0,1.00369,3.18,0.77,9.0,6,135.67768999999998,40.0
261,10.4,0.575,0.61,2.6,0.076,11.0,1.0,3.16,0.69,9.0,5,52.111000000000004,13.0
350,7.8,0.52,0.25,1.9,0.081,14.0,0.9984,3.43,0.65,9.0,6,62.629400000000004,24.0
470,7.5,0.42,0.31,1.6,0.08,15.0,0.9978,3.31,0.64,9.0,5,65.8578,27.0
1095,8.0,0.39,0.3,1.9,0.074,32.0,0.99717,3.39,0.61,9.0,5,108.66117,52.0
406,8.7,0.7,0.24,2.5,0.226,5.0,0.9991,3.32,0.6,9.0,6,41.2851,10.0
69,8.1,0.545,0.18,1.9,0.08,13.0,0.9972,3.3,0.59,9.0,6,59.6922,22.0
166,7.2,0.63,1e-12,1.9,0.0969999999999999,14.0,0.99675,3.37,0.58,9.0,6,61.773750000001,24.0
1036,7.6,0.49,0.33,1.9,0.074,27.0,0.99706,3.41,0.58,9.0,5,109.38105999999999,58.0
423,9.9,0.49,0.58,3.5,0.094,9.0,1.0004,3.29,0.58,9.0,5,71.4344,34.0
83,7.3,1.07,0.09,1.7,0.178,10.0,0.9962,3.3,0.57,9.0,5,113.2042,79.0
324,11.6,0.58,0.66,2.2,0.074,10.0,1.0008,3.25,0.57,9.0,3,75.9348,37.0
165,8.2,1.0,0.09,2.3,0.065,7.0,0.99685,3.32,0.55,9.0,6,62.52185,30.0
62,7.0,0.62,0.08,1.8,0.076,8.0,0.9978,3.48,0.53,9.0,5,47.583800000000004,16.0
118,7.3,0.55,0.03,1.6,0.072,17.0,0.9956,3.37,0.48,9.0,4,65.3976,25.0
532,8.2,0.34,0.38,2.5,0.08,12.0,0.9978,3.3,0.47,9.0,6,82.2678,45.0
1051,9.9,0.5,0.5,13.8,0.205,48.0,1.00242,3.16,0.75,8.8,5,120.61742,34.0
263,7.9,0.24,0.4,1.6,0.0559999999999999,11.0,0.9967,3.32,0.87,8.7,6,49.0827,14.0
1023,10.0,0.38,0.38,1.6,0.1689999999999999,27.0,0.99914,3.15,0.65,8.5,5,115.82813999999999,63.0
388,14.3,0.31,0.74,1.8,0.075,6.0,1.0008,2.86,0.79,8.4,6,45.2758,9.0
368,10.4,0.61,0.49,2.1,0.2,5.0,0.9994,3.16,0.63,8.4,3,42.989399999999996,11.0
